Country,1970,1971,1972,1973,1974,1975,1976,1977,1978,1979,1980,1981,1982,1983,1984,1985,1986,1987,1988,1989,1990,1991,1992,1993,1994,1995,1996,1997,1998,1999,2000,2001,2002,2003,2004,2005,2006,2007,2008,2009,2010,2011,2012,2013,2014,2015,2016,2017,2018,2019,2020
Afghanistan,0.15,0.15,0.15,0.14,0.18,0.16,0.14,0.17,0.14,0.16,0.15,0.18,0.18,0.25,0.26,0.35,0.23,0.24,0.26,0.24,0.23,0.21,0.13,0.11,0.09,0.09,0.07,0.07,0.07,0.07,0.05,0.05,0.04,0.04,0.04,0.05,0.05,0.08,0.14,0.20,0.25,0.40,0.32,0.26,0.23,0.23,0.18,0.24,0.24,0.323778301,0.31396353
Albania,2.24,2.19,2.44,2.14,2.26,2.24,2.35,2.46,2.65,3.02,3.01,2.58,2.61,2.74,2.90,2.72,2.68,2.66,2.56,2.43,2.03,1.35,0.75,0.71,0.76,0.68,0.68,0.53,0.63,1.00,1.05,1.11,1.29,1.36,1.43,1.36,1.36,1.41,1.41,1.46,1.56,1.71,1.56,1.64,1.75,1.67,1.61,1.82,1.83,1.89770794,1.734549189
Algeria,1.30,1.49,2.24,2.94,2.42,2.14,2.69,2.90,3.11,3.01,2.93,2.67,2.67,2.71,2.76,3.09,3.13,2.92,2.87,2.81,2.62,2.72,2.94,2.89,2.74,2.78,2.69,2.60,2.57,2.63,2.69,2.60,2.71,2.87,2.82,2.96,3.06,3.09,3.18,3.22,3.23,3.34,3.65,3.69,3.89,4.05,3.92,3.92,4.07,4.138459574,3.772469233
Angola,1.32,1.23,1.46,1.56,1.58,1.42,0.93,1.48,1.70,1.64,1.61,1.43,1.34,1.33,1.30,1.33,1.31,1.30,1.30,1.28,0.93,0.94,0.94,0.91,0.84,0.91,1.07,1.09,1.11,1.14,1.01,0.96,0.91,0.96,0.94,0.82,0.83,0.82,0.90,0.95,1.02,1.03,0.96,1.07,1.13,1.17,1.15,0.95,0.86,0.769423264,0.685817354
Anguilla,0.34,0.34,0.35,0.32,0.36,0.39,0.37,0.38,0.43,0.48,0.66,1.00,1.07,0.93,0.89,0.55,0.46,0.85,0.77,0.77,0.73,0.87,0.88,1.07,1.38,1.67,1.61,1.32,1.18,1.09,1.40,1.40,0.93,1.17,1.09,1.08,0.99,0.94,1.14,1.49,1.74,1.86,1.84,1.95,1.93,1.92,1.92,1.95,1.88,1.817582677,1.56116005
Antigua and Barbuda,4.05,3.98,4.56,4.93,4.01,5.06,4.42,4.85,5.00,4.68,4.66,4.23,5.57,3.45,4.34,4.29,4.70,6.41,6.31,5.95,6.02,6.28,6.30,5.62,5.81,5.95,5.84,5.56,5.25,5.24,4.90,4.80,4.78,5.31,5.53,5.35,5.25,5.32,5.35,6.08,6.02,6.51,7.07,7.50,7.35,7.23,7.03,5.46,5.25,5.076051614,4.350221372
Argentina,3.71,3.66,3.65,3.75,3.68,3.54,3.67,3.74,3.73,3.87,3.73,3.59,3.47,3.48,3.37,3.13,3.45,3.55,3.67,3.54,3.30,3.39,3.45,3.38,3.59,3.66,3.84,4.00,4.08,4.16,4.07,3.77,3.52,3.83,4.21,4.24,4.47,4.61,4.87,4.57,4.65,4.80,4.90,4.76,4.84,4.85,4.80,4.62,4.52,4.184716427,3.878444573
Armenia,4.31,4.21,4.42,4.70,4.97,5.35,5.42,5.52,5.62,5.74,6.00,6.04,6.11,6.05,6.00,5.98,5.92,5.89,5.81,5.66,5.85,6.15,3.20,1.54,0.88,1.12,0.84,1.10,1.15,1.04,1.19,1.22,1.05,1.18,1.28,1.53,1.55,1.81,2.00,1.61,1.55,1.77,2.04,1.92,1.91,1.72,1.74,1.86,1.97,1.866733456,1.980069484
Aruba,1.17,1.16,1.34,1.45,1.20,1.51,1.34,1.49,1.55,1.46,1.44,1.45,1.38,1.41,1.57,1.53,1.64,1.80,6.69,8.34,8.46,9.38,9.92,8.67,8.91,9.49,6.08,9.09,8.63,8.67,9.30,9.38,8.93,10.43,10.84,11.14,10.62,10.66,9.95,10.73,9.98,8.50,11.38,11.60,11.30,11.24,10.66,8.55,8.28,8.050119509,6.940158848
Australia,12.54,12.44,12.69,13.20,13.73,14.05,14.09,14.87,14.45,14.69,15.21,15.08,15.30,14.32,14.48,15.18,14.96,15.40,15.68,16.37,16.32,16.22,16.22,16.26,16.39,16.77,17.17,17.48,18.42,18.50,18.61,18.75,18.98,18.72,19.18,19.09,19.08,19.24,19.06,19.00,18.47,18.07,17.78,17.23,16.65,16.70,16.80,16.68,16.47,16.4921617,15.21523247
Austria,7.16,7.45,7.72,8.13,7.77,7.47,8.15,7.81,8.10,8.43,8.19,7.76,7.48,7.48,7.72,7.90,7.73,7.80,7.59,7.57,8.12,8.56,7.84,7.79,7.81,8.16,8.61,8.55,8.61,8.36,8.42,8.98,9.14,9.71,9.81,9.88,9.58,9.20,9.09,8.26,8.92,8.69,8.28,8.30,7.85,7.94,7.91,8.20,7.90,8.099725064,7.252290848
Azerbaijan,6.21,6.09,6.43,6.86,7.26,7.92,8.14,8.40,8.67,8.93,9.31,9.46,9.53,9.68,9.78,9.80,10.04,10.24,10.21,10.10,7.54,7.23,5.80,5.02,4.41,4.23,3.51,3.38,3.36,3.29,3.45,3.26,3.20,3.46,3.40,3.57,3.58,3.22,3.52,2.91,2.74,3.06,3.33,3.38,3.48,3.41,3.42,3.34,3.35,3.510850802,3.355993777
Bahamas,19.08,18.72,21.07,22.28,17.99,20.83,17.81,19.36,19.72,18.45,17.87,17.29,14.10,10.85,10.69,9.02,9.47,11.23,9.97,10.52,10.75,9.90,8.36,7.92,8.56,9.93,11.11,10.19,11.10,9.87,10.57,10.55,10.11,7.42,8.16,7.42,8.12,8.98,8.57,6.96,7.39,7.03,8.57,8.43,7.91,7.29,7.30,5.82,5.60,5.411331977,4.640160814
Bahrain,13.93,13.53,15.58,18.82,21.10,20.59,20.99,21.69,21.52,21.67,20.92,21.55,22.02,22.27,22.19,22.99,25.28,23.86,24.33,23.71,24.18,22.68,26.01,27.46,27.28,27.03,27.31,27.32,28.11,27.21,26.73,26.38,26.14,25.55,24.00,26.29,26.56,24.96,24.83,23.34,23.25,22.70,22.77,24.45,24.88,24.49,23.52,22.64,21.69,22.14588772,21.60030767
Bangladesh,0.05,0.05,0.05,0.06,0.06,0.07,0.08,0.08,0.08,0.09,0.10,0.09,0.10,0.10,0.09,0.10,0.11,0.12,0.12,0.13,0.14,0.13,0.14,0.14,0.15,0.18,0.18,0.19,0.19,0.20,0.21,0.24,0.25,0.26,0.27,0.28,0.30,0.31,0.34,0.36,0.39,0.41,0.43,0.44,0.46,0.53,0.54,0.57,0.59,0.655446974,0.639104113
Barbados,2.79,2.78,3.21,3.49,2.86,3.61,3.17,3.49,3.60,3.36,3.33,3.50,3.41,3.72,4.15,4.62,5.19,5.23,4.69,4.84,4.92,5.10,5.18,4.60,4.32,4.41,4.01,4.77,4.89,5.11,5.30,5.32,5.14,5.49,5.57,5.47,5.29,4.94,5.70,5.80,5.63,6.39,6.32,6.80,5.73,5.91,5.80,4.75,4.60,4.522089274,3.952939304
Belarus,7.50,7.46,7.95,8.52,8.79,9.72,9.68,10.05,10.11,10.56,10.57,10.96,10.78,10.74,10.52,10.45,10.46,10.33,10.19,9.79,10.67,10.24,9.26,7.99,6.78,6.08,6.20,6.28,6.13,5.92,5.73,5.65,5.73,5.84,6.23,6.37,6.65,6.53,6.88,6.56,7.04,6.72,6.86,6.84,6.77,6.31,6.33,6.45,6.76,6.642548889,6.263056331
Belgium,14.54,13.45,14.60,15.12,14.96,13.15,14.11,13.81,14.23,15.14,14.05,12.82,12.03,11.04,11.31,11.05,11.10,11.09,11.31,11.39,11.66,12.01,11.75,11.52,11.98,12.07,12.51,12.20,12.51,12.07,12.23,12.29,11.52,11.94,11.78,11.32,11.08,10.64,10.72,9.89,10.56,9.53,9.31,9.37,8.72,9.10,8.96,8.75,8.76,8.592171451,7.235807613
Belize,1.23,1.20,1.36,1.47,1.19,1.49,1.30,1.42,1.45,1.34,1.31,1.21,1.06,1.07,1.26,1.19,1.53,1.29,0.90,1.25,1.61,1.91,1.58,1.42,1.31,1.45,1.18,1.80,1.66,1.68,1.62,1.63,1.43,1.51,1.39,1.41,1.39,1.22,1.07,1.27,1.41,1.22,1.39,1.59,1.47,1.62,1.52,1.18,1.13,1.190391992,1.012975025
Benin,0.11,0.12,0.15,0.16,0.16,0.17,0.11,0.13,0.13,0.14,0.15,0.12,0.13,0.13,0.13,0.15,0.13,0.11,0.10,0.09,0.08,0.07,0.07,0.07,0.07,0.07,0.18,0.22,0.21,0.22,0.23,0.27,0.30,0.32,0.33,0.36,0.47,0.52,0.51,0.53,0.55,0.53,0.49,0.50,0.52,0.55,0.66,0.66,0.70,0.689906654,0.605926621
Bermuda,7.14,7.06,8.11,8.80,7.18,9.05,7.92,8.71,8.97,8.36,8.25,7.21,7.30,7.95,8.69,8.18,8.13,12.59,13.23,14.90,10.29,9.47,7.49,7.90,7.50,7.55,7.80,7.37,7.12,7.26,7.23,7.28,7.18,7.64,8.01,8.12,8.83,10.05,9.61,8.36,10.24,7.31,8.51,9.22,11.62,9.60,11.88,9.84,9.61,9.415226478,8.176380569
Bhutan,0.17,0.17,0.18,0.19,0.20,0.18,0.18,0.18,0.18,0.19,0.19,0.19,0.18,0.18,0.17,0.17,0.17,0.26,0.26,0.24,0.31,0.32,0.33,0.29,0.37,0.52,0.57,0.63,0.63,0.68,0.60,0.63,0.71,0.63,0.55,0.76,0.75,0.58,0.75,1.04,1.21,1.49,1.45,1.37,1.38,1.55,1.58,1.42,1.58,1.777859105,1.745475515
Bolivia,0.68,0.83,0.96,0.88,0.81,0.91,1.00,0.94,1.05,0.92,0.88,0.92,0.95,0.95,0.86,0.81,0.75,0.77,0.80,0.92,0.95,0.97,1.03,1.20,1.26,1.12,1.03,1.11,1.05,0.98,1.00,0.91,0.94,1.01,1.06,1.09,1.15,1.23,1.32,1.38,1.49,1.59,1.74,1.73,1.84,1.81,1.98,2.12,2.14,2.109855578,1.787912121
Bosnia and Herzegovina,4.20,4.16,3.83,4.13,4.40,4.47,4.05,4.35,4.21,4.09,4.00,4.53,4.94,5.22,5.10,5.24,5.25,4.97,4.84,4.92,5.52,5.04,3.84,3.35,0.86,0.93,1.18,2.34,2.97,2.92,3.81,3.76,3.95,4.04,4.26,4.47,4.96,5.24,5.77,5.80,5.98,6.86,6.40,6.46,5.84,5.90,6.69,6.84,6.88,7.742144721,6.698422932
Botswana,0.42,0.41,0.41,0.41,0.41,0.44,0.98,1.06,0.98,1.10,1.17,1.34,1.35,1.28,1.23,1.27,1.42,1.43,1.67,1.78,2.05,1.97,2.34,2.25,2.10,2.13,1.88,1.97,2.30,2.38,2.42,2.31,2.38,2.30,2.28,2.41,2.27,2.35,2.34,2.18,1.74,2.01,2.45,2.61,3.29,3.26,3.16,3.43,3.51,3.184153472,2.92028073
Brazil,1.15,1.12,1.21,1.35,1.41,1.46,1.59,1.62,1.70,1.77,1.73,1.57,1.52,1.40,1.40,1.43,1.58,1.58,1.56,1.55,1.53,1.55,1.55,1.59,1.62,1.71,1.83,1.92,1.95,1.97,2.07,2.05,2.02,1.99,2.06,2.05,2.04,2.11,2.19,2.03,2.28,2.36,2.52,2.61,2.72,2.54,2.36,2.38,2.26,2.245743656,2.112569951
British Virgin Islands,2.03,2.00,2.28,2.47,2.01,2.53,2.22,2.45,2.52,2.34,2.28,3.36,3.12,3.11,2.25,2.10,1.30,3.43,3.19,2.87,2.71,2.78,2.77,2.48,2.41,2.32,2.95,2.74,2.60,2.60,4.06,4.06,3.96,4.43,4.61,4.45,4.52,4.43,4.57,5.10,5.26,5.76,6.01,6.32,6.11,5.88,5.66,5.54,5.29,5.090878675,4.347586887
Brunei,15.76,13.92,15.65,17.56,16.56,15.89,17.18,16.72,16.94,14.57,17.53,14.18,14.94,15.40,13.88,13.53,13.04,12.92,13.13,12.68,12.92,13.93,14.25,14.44,15.07,15.81,16.17,17.59,14.64,14.08,14.67,14.34,13.81,16.14,14.66,14.17,20.79,19.47,21.21,20.84,18.88,19.07,18.71,18.20,17.52,15.61,16.79,17.36,17.36,18.2282292,17.95387436
Bulgaria,8.04,7.98,8.20,8.27,8.33,8.87,8.92,9.23,9.89,10.22,10.54,10.05,10.26,10.11,9.92,10.18,10.32,10.37,10.29,10.22,8.95,7.31,7.09,7.26,7.03,7.26,7.39,7.35,6.97,6.18,5.97,6.29,5.98,6.78,6.56,6.78,6.99,7.56,7.21,6.18,6.57,7.32,6.70,6.02,6.41,6.78,6.41,6.77,6.34,6.150374222,5.476863251
Burkina Faso,0.04,0.04,0.04,0.04,0.04,0.05,0.05,0.05,0.04,0.05,0.05,0.05,0.04,0.04,0.04,0.04,0.05,0.06,0.06,0.05,0.04,0.06,0.05,0.05,0.06,0.06,0.06,0.10,0.09,0.09,0.09,0.10,0.10,0.11,0.09,0.09,0.09,0.12,0.14,0.13,0.13,0.14,0.16,0.18,0.15,0.19,0.16,0.18,0.18,0.177834771,0.155462049
Burundi,0.02,0.02,0.02,0.02,0.02,0.02,0.02,0.02,0.02,0.02,0.02,0.02,0.02,0.02,0.02,0.02,0.02,0.03,0.04,0.05,0.04,0.06,0.05,0.05,0.05,0.05,0.05,0.05,0.06,0.06,0.05,0.04,0.04,0.03,0.03,0.03,0.03,0.05,0.03,0.03,0.03,0.03,0.03,0.04,0.03,0.04,0.05,0.03,0.03,0.028077197,0.024010617
Cabo Verde,0.56,0.55,0.54,0.56,0.60,0.63,0.63,0.65,0.63,0.68,0.74,0.67,0.27,0.27,0.31,0.32,0.10,0.14,0.18,0.20,0.18,0.21,0.21,0.20,0.23,0.23,0.25,0.26,0.26,0.26,0.74,0.82,0.87,0.87,0.94,1.42,1.49,1.62,1.64,1.52,1.60,1.75,1.49,1.43,1.50,1.50,1.57,1.55,1.61,1.606533014,1.41613098
Cambodia,0.03,0.03,0.03,0.04,0.04,0.04,0.03,0.04,0.04,0.04,0.04,0.05,0.05,0.05,0.05,0.05,0.04,0.05,0.05,0.05,0.05,0.05,0.05,0.04,0.05,0.14,0.15,0.16,0.17,0.16,0.16,0.18,0.18,0.19,0.19,0.20,0.22,0.27,0.29,0.34,0.35,0.36,0.37,0.37,0.44,0.56,0.65,0.77,0.78,0.969020123,0.946401175
Cameroon,0.14,0.14,0.14,0.15,0.14,0.17,0.15,0.21,0.22,0.23,0.24,0.25,0.26,0.50,0.51,0.48,0.56,0.50,0.31,0.42,0.41,0.38,0.36,0.38,0.40,0.39,0.39,0.38,0.39,0.36,0.38,0.37,0.35,0.35,0.34,0.32,0.31,0.36,0.37,0.39,0.39,0.35,0.35,0.37,0.39,0.40,0.42,0.41,0.42,0.388590656,0.358805419
Canada,16.72,16.82,17.40,17.99,18.09,17.40,17.72,18.12,18.02,18.47,18.46,17.48,16.51,16.17,16.76,16.57,15.97,16.21,17.15,17.50,16.38,15.92,16.17,15.96,16.38,16.67,16.95,17.36,17.42,17.60,18.15,17.68,17.73,18.18,17.77,17.95,17.52,18.30,17.48,16.29,16.59,16.78,16.54,16.64,16.67,16.56,16.13,15.97,15.99,15.9708444,14.43460529
Cayman Islands,7.20,6.87,7.55,7.78,6.00,7.18,5.95,6.21,6.08,5.42,5.14,5.72,5.32,4.69,5.84,5.47,5.24,5.69,12.69,11.27,11.13,11.11,10.96,9.08,9.89,9.91,9.44,8.44,7.72,7.50,9.55,9.28,8.77,9.25,8.64,8.34,7.91,8.99,8.93,8.88,9.04,10.23,9.95,10.38,10.07,10.26,9.65,8.37,8.02,7.73535137,6.613240055
Central African Republic,0.05,0.05,0.04,0.04,0.05,0.05,0.05,0.05,0.05,0.05,0.05,0.06,0.06,0.06,0.06,0.06,0.07,0.08,0.07,0.07,0.06,0.08,0.07,0.07,0.07,0.07,0.07,0.08,0.08,0.08,0.09,0.09,0.09,0.09,0.09,0.08,0.09,0.09,0.09,0.08,0.09,0.08,0.09,0.09,0.08,0.09,0.09,0.09,0.09,0.083405638,0.071959752
Chad,0.05,0.05,0.04,0.04,0.05,0.05,0.05,0.05,0.05,0.05,0.05,0.05,0.04,0.04,0.02,0.03,0.04,0.05,0.03,0.03,0.05,0.05,0.05,0.02,0.03,0.03,0.03,0.03,0.03,0.03,0.04,0.03,0.03,0.05,0.05,0.05,0.05,0.05,0.04,0.04,0.04,0.04,0.05,0.05,0.06,0.07,0.07,0.06,0.06,0.054221563,0.050393115
Chile,2.92,3.11,3.18,3.12,2.88,2.59,2.61,2.40,2.41,2.51,2.46,2.22,1.86,1.87,1.94,1.85,1.84,1.82,2.17,2.57,2.49,2.34,2.39,2.49,2.68,2.89,3.27,3.68,3.66,3.79,3.50,3.32,3.32,3.40,3.64,3.65,3.68,4.09,4.26,4.04,4.24,4.59,4.67,4.87,4.45,4.73,4.94,4.95,4.89,4.939976848,4.577362835
China,1.10,1.08,1.13,1.15,1.14,1.29,1.31,1.46,1.62,1.63,1.58,1.54,1.59,1.65,1.77,1.76,1.83,1.93,2.03,2.07,2.07,2.15,2.24,2.40,2.52,2.75,2.71,2.75,2.80,2.73,2.89,3.01,3.22,3.72,4.26,4.80,5.30,5.74,5.87,6.28,6.84,7.43,7.62,7.77,7.74,7.68,7.65,7.75,7.96,8.100954192,8.199382449
Colombia,1.30,1.28,1.28,1.29,1.31,1.39,1.44,1.45,1.51,1.48,1.48,1.46,1.45,1.49,1.48,1.50,1.49,1.52,1.50,1.52,1.53,1.55,1.58,1.64,1.60,1.65,1.60,1.71,1.72,1.49,1.53,1.50,1.42,1.39,1.37,1.41,1.36,1.39,1.38,1.44,1.46,1.56,1.56,1.74,1.79,1.77,1.96,1.69,1.75,1.858044996,1.797126344
Comoros,0.10,0.10,0.10,0.10,0.10,0.11,0.10,0.10,0.10,0.10,0.11,0.10,0.09,0.09,0.09,0.09,0.05,0.13,0.12,0.11,0.11,0.13,0.11,0.10,0.10,0.10,0.10,0.10,0.12,0.13,0.19,0.20,0.19,0.25,0.26,0.24,0.28,0.18,0.18,0.21,0.24,0.20,0.20,0.24,0.20,0.22,0.25,0.34,0.35,0.35477545,0.28731059
Congo,1.32,1.47,1.37,5.99,8.36,5.01,4.70,1.47,0.89,0.78,1.00,1.09,1.22,1.23,1.18,1.16,1.10,1.09,1.05,1.03,0.98,0.98,0.93,0.89,0.80,0.98,1.15,1.15,1.33,1.34,1.41,1.34,0.85,1.03,1.01,1.17,1.26,1.08,1.08,1.16,1.21,1.08,0.97,1.15,1.09,1.16,1.10,1.06,1.20,1.145124608,1.087215154
Cook Islands,0.85,0.84,0.93,1.09,1.38,1.18,1.15,1.26,1.28,1.51,1.58,3.49,3.19,3.29,2.76,3.14,1.99,2.25,2.24,2.10,2.12,1.44,2.14,2.09,2.24,2.16,2.19,2.29,2.43,2.40,2.71,2.66,1.39,1.24,2.08,3.36,3.43,2.65,2.83,2.57,3.32,4.81,4.78,4.73,4.95,4.85,4.82,3.07,3.15,3.238154176,3.159054856
Costa Rica,0.78,0.76,0.83,0.92,0.88,0.94,0.95,1.16,1.22,1.19,1.04,0.94,0.78,0.77,0.79,0.81,0.82,0.84,0.87,0.96,0.95,1.00,1.31,1.28,1.46,1.42,1.33,1.27,1.38,1.35,1.31,1.39,1.40,1.48,1.48,1.50,1.62,1.77,1.73,1.64,1.61,1.67,1.64,1.69,1.69,1.62,1.71,1.73,1.66,1.770274247,1.549827767
Côte d’Ivoire,0.50,0.49,0.52,0.51,0.50,0.52,0.57,0.54,0.59,0.53,0.48,0.42,0.39,0.43,0.37,0.33,0.33,0.31,0.30,0.28,0.25,0.25,0.24,0.24,0.24,0.26,0.31,0.37,0.35,0.45,0.42,0.42,0.43,0.34,0.34,0.36,0.34,0.34,0.37,0.34,0.37,0.36,0.44,0.45,0.48,0.50,0.51,0.52,0.49,0.490830804,0.462264781
Croatia,5.29,5.18,5.25,5.60,5.78,5.73,5.69,5.74,5.94,6.51,5.94,5.74,5.80,6.20,5.83,5.99,6.43,5.89,6.34,6.48,5.27,3.83,3.52,3.66,3.57,3.70,3.74,4.15,4.44,4.50,4.43,4.69,4.93,5.27,5.33,5.40,5.50,5.89,5.62,5.12,4.96,4.85,4.49,4.42,4.29,4.38,4.46,4.60,4.33,4.506281879,4.299733396
Cuba,2.52,2.48,2.39,2.54,2.71,2.75,2.88,3.11,3.31,3.31,3.38,3.39,3.35,3.60,3.76,3.49,3.53,3.81,3.93,3.97,3.64,2.82,2.22,2.02,2.07,2.19,2.36,2.57,2.45,2.57,2.60,2.49,2.37,2.30,2.25,2.32,2.36,2.44,2.36,2.43,2.70,2.55,2.58,2.44,2.39,2.43,2.50,2.36,2.29,2.278462558,1.99536892
Curaçao,101.08,99.82,95.94,105.04,94.38,67.88,72.23,73.38,62.28,61.95,58.66,54.28,49.05,45.67,44.57,29.94,28.66,26.58,23.34,20.09,18.20,18.94,19.77,16.26,18.39,18.59,19.04,38.02,40.03,40.57,42.93,43.82,42.40,42.80,44.64,46.62,45.03,47.61,45.70,41.59,30.05,36.88,29.43,28.05,29.80,29.94,26.29,23.59,20.19,19.58934951,16.87123836
Cyprus,3.54,3.52,4.25,4.39,3.33,3.35,4.02,4.22,4.34,4.58,4.79,4.56,4.60,4.56,4.61,4.49,4.93,5.63,5.60,5.81,5.79,6.38,6.56,6.63,6.72,6.44,6.64,6.60,6.98,7.11,7.32,7.06,7.12,7.75,7.53,7.58,7.50,7.70,7.74,7.40,7.06,6.69,6.16,5.62,5.90,5.82,6.09,6.15,5.87,5.974680614,5.194507168
Czechia,19.38,19.34,19.23,18.92,17.14,17.75,18.14,19.04,18.31,19.18,18.39,18.42,18.56,18.63,18.90,18.67,18.55,18.59,18.17,17.38,15.75,14.21,13.61,13.38,12.83,12.89,13.02,12.75,12.21,11.54,12.67,12.72,12.24,12.67,12.79,12.38,12.45,12.63,12.04,11.20,11.44,11.15,10.74,10.31,10.07,10.16,10.29,10.36,10.24,9.887223652,8.659705271
Democratic Republic of the Congo,0.15,0.15,0.15,0.14,0.15,0.14,0.13,0.13,0.13,0.14,0.14,0.14,0.11,0.14,0.14,0.12,0.11,0.12,0.12,0.11,0.10,0.05,0.05,0.04,0.06,0.06,0.06,0.06,0.06,0.05,0.04,0.04,0.04,0.05,0.04,0.05,0.05,0.05,0.05,0.05,0.05,0.05,0.05,0.06,0.07,0.05,0.04,0.04,0.04,0.04008261,0.036118838
Denmark,12.70,11.77,12.11,11.87,10.54,10.96,12.04,12.35,12.31,12.96,12.84,10.83,11.28,10.61,10.94,12.47,12.60,12.21,11.44,10.31,10.42,12.44,11.30,11.68,12.43,11.78,14.27,12.35,11.50,10.90,10.09,10.34,10.24,11.22,10.15,9.48,10.90,9.96,9.33,8.87,8.85,7.90,6.94,7.23,6.54,6.08,6.41,6.03,5.99,5.241342344,4.434783359
Djibouti,4.97,4.68,4.37,4.22,4.20,4.05,3.67,3.40,2.98,3.03,3.12,2.19,2.01,1.51,1.19,1.17,1.06,1.29,1.09,2.23,2.01,2.37,2.09,2.05,2.11,2.13,2.12,2.19,2.16,2.18,1.17,1.16,1.14,1.19,1.14,1.04,0.96,0.97,1.07,0.91,1.01,0.71,0.91,0.98,0.97,0.87,0.80,0.98,1.01,1.032014599,0.85460887
Dominica,0.28,0.28,0.32,0.35,0.29,0.37,0.32,0.35,0.36,0.33,0.33,0.50,0.48,0.50,0.57,0.56,0.49,0.74,0.76,0.72,0.71,0.75,0.76,0.94,1.23,1.46,1.56,1.49,1.08,1.49,1.62,1.71,1.47,1.75,2.02,1.90,1.84,2.16,1.97,2.07,2.14,2.25,2.29,2.33,2.39,2.48,2.40,2.50,2.42,2.351792352,2.032081468
Dominican Republic,0.85,0.84,1.07,1.04,1.08,1.09,1.10,1.15,1.15,1.18,1.19,1.11,1.05,1.19,1.22,1.06,1.16,1.30,1.28,1.34,1.12,1.15,1.31,1.27,1.46,1.52,1.61,1.80,2.02,2.16,2.22,2.20,2.38,2.09,1.91,2.04,2.19,2.18,2.15,2.03,2.10,2.11,2.15,2.09,2.08,2.26,2.33,2.20,2.34,2.551391278,2.618999046
Ecuador,0.83,0.72,0.70,0.86,1.02,1.08,1.20,1.36,1.48,1.57,1.61,1.72,1.69,1.55,1.56,1.64,1.68,1.50,1.65,1.63,1.72,1.68,1.73,1.65,1.69,1.82,2.05,2.09,2.02,1.64,1.73,1.81,1.81,1.78,1.95,2.07,2.15,2.22,2.22,2.38,2.59,2.54,2.51,2.59,2.75,2.64,2.50,2.39,2.44,2.339506655,1.919665852
Egypt,0.72,0.70,0.74,0.67,0.76,0.80,0.91,0.92,0.91,0.96,1.03,1.13,1.19,1.30,1.39,1.42,1.45,1.52,1.52,1.57,1.59,1.59,1.61,1.59,1.48,1.55,1.63,1.71,1.76,1.87,1.82,1.97,1.99,1.99,2.12,2.31,2.41,2.54,2.49,2.55,2.52,2.56,2.67,2.56,2.55,2.57,2.59,2.67,3.01,2.790789242,2.618434059
El Salvador,0.43,0.44,0.49,0.52,0.52,0.57,0.57,0.57,0.59,0.54,0.45,0.44,0.41,0.42,0.40,0.43,0.42,0.50,0.49,0.48,0.50,0.63,0.70,0.75,0.86,0.92,0.82,0.98,1.02,1.01,0.99,1.05,1.06,1.11,1.11,1.15,1.22,1.28,1.15,1.12,1.09,1.13,1.15,1.11,1.10,1.17,1.17,1.07,1.12,1.191563418,1.048183139
Equatorial Guinea,0.10,0.11,0.11,0.11,0.13,0.14,0.14,0.15,0.15,0.16,0.17,0.15,0.16,0.16,0.14,0.16,0.14,0.18,0.16,0.23,0.21,0.24,0.21,0.20,2.51,2.56,2.65,3.44,4.00,4.16,4.37,6.29,5.87,6.24,6.97,8.07,8.31,6.44,8.63,7.98,7.83,7.86,6.81,6.22,5.36,4.65,3.87,3.65,3.55,3.165048279,3.040667389
Eritrea,0.22,0.22,0.18,0.17,0.19,0.17,0.18,0.17,0.18,0.19,0.19,0.20,0.17,0.16,0.15,0.12,0.14,0.12,0.12,0.12,0.12,0.12,0.15,0.21,0.24,0.26,0.28,0.27,0.20,0.20,0.20,0.21,0.20,0.19,0.18,0.15,0.13,0.12,0.11,0.11,0.11,0.13,0.14,0.14,0.14,0.14,0.14,0.14,0.16,0.160754757,0.133795614
Estonia,16.09,15.96,17.31,19.22,20.29,22.49,22.43,23.40,23.53,24.71,24.70,25.88,25.33,25.06,23.95,23.27,22.53,21.59,20.47,18.43,23.05,21.76,16.99,13.47,13.87,13.00,13.81,13.69,12.97,12.02,12.13,12.60,12.08,13.75,14.16,14.50,13.71,16.59,15.62,13.42,16.59,16.13,15.37,17.37,16.53,14.92,15.12,15.77,15.81,12.44327737,11.04912812
Eswatini,0.41,0.40,0.39,0.39,0.40,0.43,0.84,0.91,0.85,0.96,1.03,0.84,0.79,0.50,0.51,0.62,0.62,0.67,0.62,0.57,1.12,1.22,1.00,0.78,1.42,1.28,1.22,1.67,1.68,1.77,2.41,2.56,2.49,2.32,2.27,2.49,2.55,2.81,2.82,2.65,2.42,1.38,1.22,1.33,1.09,1.13,1.22,1.17,1.22,1.110093928,1.016348424
Ethiopia,0.05,0.05,0.04,0.05,0.05,0.04,0.04,0.04,0.04,0.04,0.04,0.04,0.04,0.04,0.04,0.04,0.04,0.05,0.05,0.05,0.05,0.05,0.03,0.04,0.04,0.05,0.05,0.05,0.05,0.05,0.06,0.07,0.07,0.07,0.07,0.07,0.07,0.08,0.09,0.08,0.08,0.09,0.10,0.11,0.13,0.13,0.16,0.17,0.17,0.173274967,0.150846585
Falkland Islands,4.16,4.22,4.91,5.46,4.51,5.78,5.14,5.74,5.98,5.65,5.66,5.71,5.52,5.72,6.45,7.83,6.41,6.88,11.42,15.07,7.22,7.35,7.22,6.31,5.99,11.27,6.60,10.99,5.64,5.61,7.67,8.36,8.60,10.02,11.01,10.67,11.92,11.71,11.74,12.98,12.35,13.13,14.35,15.32,14.75,14.94,14.97,12.06,11.67,11.70425809,10.08616852
Faroes,0.02,0.02,0.02,0.02,0.02,0.02,0.02,0.03,0.03,0.03,0.03,0.03,0.03,0.03,0.03,0.03,0.03,0.03,0.03,0.03,0.03,0.03,0.03,0.03,0.03,0.03,0.03,0.03,0.03,0.03,0.04,0.04,0.04,0.04,0.04,0.04,0.04,0.04,0.04,0.04,0.04,0.04,0.04,0.04,0.04,0.04,0.04,0.04,0.04,0.039100095,0.039056379
Fiji,1.32,1.31,1.41,1.59,1.90,1.56,1.46,1.53,1.49,1.66,1.66,1.81,1.60,1.35,1.05,1.19,1.20,1.08,1.07,1.20,1.32,1.11,1.17,1.21,1.30,1.35,1.38,1.43,1.43,1.54,1.66,1.75,1.42,1.65,2.21,1.92,2.03,1.68,1.04,1.04,1.06,2.57,1.30,1.60,2.02,2.67,2.47,2.53,2.58,2.64418462,2.573343039
Finland,9.18,9.02,9.77,10.58,9.72,9.71,10.99,10.90,12.23,12.14,12.21,10.20,9.79,9.41,9.63,10.49,10.47,11.38,11.07,11.04,11.46,11.50,10.85,11.06,12.33,11.61,12.74,12.31,11.65,11.49,11.15,12.30,12.67,14.22,13.46,11.09,13.25,12.83,11.21,10.67,12.27,10.79,9.65,9.85,9.06,8.40,8.88,8.36,8.57,7.946975426,7.294536368
France and Monaco,9.18,9.35,9.61,10.22,9.81,8.99,9.74,9.39,9.68,9.79,9.39,8.42,7.98,7.61,7.36,7.12,6.87,6.71,6.67,6.90,6.77,7.15,6.92,6.54,6.42,6.55,6.77,6.60,6.95,6.81,6.74,6.77,6.64,6.68,6.65,6.66,6.46,6.30,6.15,5.91,6.00,5.69,5.68,5.58,5.04,5.11,5.13,5.17,5.02,4.881032011,4.260281693
French Guiana,5.02,4.85,5.46,5.80,4.63,5.71,4.88,5.24,5.26,4.75,4.53,3.86,4.34,4.44,3.74,3.44,4.03,4.68,4.90,5.00,5.56,6.19,5.01,5.91,5.68,6.32,6.22,5.82,5.55,5.47,2.83,2.94,2.33,2.96,2.82,2.57,2.11,2.26,2.21,3.00,2.77,2.93,2.19,2.10,1.97,2.17,2.02,1.89,1.80,1.759610084,1.497328028
French Polynesia,1.24,1.20,1.27,1.43,1.71,1.39,1.28,1.32,1.26,1.39,1.39,2.24,2.58,3.45,4.25,4.10,4.32,4.85,4.65,4.33,4.06,4.02,3.80,3.68,3.09,3.06,2.96,3.06,3.12,3.00,2.75,3.13,3.19,3.33,3.25,3.41,3.14,2.98,3.10,2.96,3.14,3.81,3.41,3.37,3.22,3.51,3.26,3.19,3.25,3.322952496,3.227938795
Gabon,1.02,1.86,1.96,6.17,6.21,7.84,8.91,8.61,9.35,8.99,8.44,8.66,8.42,7.54,8.49,9.45,6.60,5.48,5.51,6.76,6.48,5.04,4.95,4.93,4.77,5.22,5.68,5.30,5.91,5.49,5.37,5.34,5.00,5.53,4.86,4.56,3.95,3.48,3.60,3.43,3.63,3.43,3.36,3.35,3.34,3.34,3.35,3.22,3.07,2.957500218,2.764033747
Georgia,5.48,5.37,5.64,5.93,6.18,6.57,6.61,6.65,6.88,7.06,7.23,7.30,7.19,7.05,6.96,6.84,6.73,6.74,6.59,6.35,6.42,4.98,3.97,3.24,2.14,1.72,1.39,1.24,1.13,1.06,1.14,0.84,0.75,0.82,0.90,1.11,1.23,1.46,1.30,1.49,1.47,1.80,1.99,2.05,2.36,2.57,2.70,2.71,2.73,2.818016198,2.678924844
Germany,13.80,13.69,14.00,14.62,14.24,13.49,14.28,14.04,14.54,15.21,14.56,14.14,13.57,13.80,14.02,14.05,13.95,13.79,13.66,13.42,12.88,12.53,11.79,11.61,11.41,11.31,11.62,11.21,11.14,10.73,10.78,10.96,10.75,10.77,10.57,10.32,10.53,10.17,10.27,9.53,10.11,9.78,9.91,10.12,9.59,9.64,9.68,9.47,9.20,8.517857228,7.715931574
Ghana,0.28,0.27,0.28,0.28,0.29,0.30,0.30,0.30,0.29,0.25,0.25,0.29,0.24,0.15,0.17,0.19,0.20,0.20,0.21,0.23,0.22,0.20,0.22,0.23,0.23,0.24,0.26,0.27,0.35,0.37,0.32,0.34,0.39,0.36,0.33,0.34,0.40,0.41,0.37,0.42,0.46,0.49,0.57,0.59,0.56,0.58,0.54,0.56,0.60,0.589304229,0.53753595
Gibraltar,2.43,2.41,2.04,2.04,2.04,2.13,2.10,1.98,1.87,2.61,3.10,2.89,3.21,2.90,2.80,3.01,3.90,4.32,4.88,4.69,4.93,6.95,8.20,8.24,9.64,9.35,9.48,9.72,10.17,10.51,10.94,11.15,11.29,11.43,12.34,12.66,13.16,12.97,13.17,14.31,14.31,13.75,13.94,14.77,15.78,17.24,18.78,20.38,22.48,22.71272547,20.54946765
Greece,3.48,3.57,4.33,4.59,4.46,4.64,5.12,5.29,5.49,5.72,5.66,5.58,5.65,5.96,6.07,6.38,6.31,6.80,7.21,7.63,7.72,7.65,7.77,7.64,7.70,7.90,7.83,7.86,8.13,8.11,8.71,8.86,8.84,9.15,9.11,9.28,9.13,9.42,9.03,8.49,7.86,7.62,7.25,6.62,6.41,6.29,6.31,6.35,6.25,6.517517147,5.055614018
Greenland,0.05,0.05,0.05,0.05,0.05,0.05,0.05,0.05,0.05,0.05,0.05,0.05,0.05,0.05,0.05,0.05,0.05,0.05,0.05,0.05,0.06,0.06,0.06,0.06,0.06,0.06,0.06,0.06,0.06,0.06,0.06,0.06,0.06,0.06,10.81,10.91,11.18,11.02,11.38,9.89,11.53,12.27,9.71,9.57,8.66,9.32,9.24,9.06,9.07,9.184964019,8.336537302
Grenada,0.31,0.31,0.36,0.40,0.33,0.42,0.37,0.42,0.44,0.42,0.41,0.54,0.51,0.51,0.56,0.54,0.66,0.89,0.91,0.86,1.26,1.32,1.38,1.43,1.61,1.43,1.53,1.92,1.61,1.65,1.63,1.68,1.62,1.84,1.80,1.82,1.81,1.87,1.98,2.10,2.24,2.44,2.65,3.19,2.60,2.64,2.61,2.09,2.02,1.959741355,1.688227963
Guadeloupe,1.21,1.22,1.39,1.50,1.27,1.56,1.40,1.54,1.60,1.52,1.50,2.00,2.34,2.56,3.00,2.67,2.81,3.44,3.62,3.65,3.88,4.23,4.00,4.10,4.17,4.12,4.08,3.93,3.78,3.82,3.98,4.15,3.95,4.23,4.16,3.98,3.94,3.99,3.76,4.03,4.41,4.79,3.95,4.33,4.59,4.62,5.06,4.24,4.13,4.045834949,3.543858471
Guatemala,0.45,0.43,0.46,0.48,0.48,0.52,0.50,0.56,0.60,0.66,0.64,0.54,0.48,0.40,0.44,0.45,0.38,0.41,0.40,0.42,0.42,0.44,0.50,0.54,0.57,0.65,0.62,0.64,0.78,0.76,0.83,0.85,0.88,0.85,0.88,0.90,0.89,0.93,0.82,0.85,0.80,0.81,0.82,0.88,0.93,1.06,1.10,1.06,1.14,1.299979874,1.095256053
Guinea,0.12,0.12,0.12,0.12,0.13,0.13,0.14,0.14,0.14,0.15,0.16,0.14,0.13,0.14,0.13,0.12,0.15,0.20,0.18,0.16,0.19,0.17,0.15,0.14,0.14,0.14,0.13,0.14,0.14,0.14,0.20,0.20,0.21,0.22,0.22,0.20,0.21,0.21,0.22,0.22,0.25,0.25,0.23,0.20,0.20,0.22,0.24,0.23,0.23,0.229411316,0.201751654
Guinea-Bissau,0.07,0.07,0.06,0.06,0.07,0.07,0.07,0.07,0.07,0.08,0.08,0.08,0.07,0.07,0.09,0.10,0.09,0.19,0.20,0.18,0.20,0.23,0.21,0.22,0.22,0.22,0.21,0.23,0.23,0.23,0.20,0.20,0.20,0.23,0.23,0.23,0.23,0.23,0.22,0.22,0.22,0.21,0.20,0.20,0.20,0.21,0.21,0.16,0.17,0.165546042,0.144754123
Guyana,1.37,1.36,1.56,1.69,1.38,1.73,1.51,1.66,1.70,1.58,1.57,1.94,1.44,1.34,1.71,1.71,1.74,1.45,1.40,0.89,0.84,1.05,1.17,1.36,1.33,1.11,1.22,1.24,1.56,1.92,1.73,1.68,1.60,1.77,1.75,1.53,1.32,1.60,1.52,1.72,1.91,2.17,2.61,2.71,2.61,2.62,2.98,2.27,2.20,2.19978781,1.916281086
Haiti,0.11,0.11,0.11,0.11,0.12,0.12,0.16,0.16,0.16,0.16,0.15,0.13,0.15,0.16,0.16,0.16,0.15,0.16,0.17,0.17,0.16,0.15,0.14,0.12,0.05,0.14,0.16,0.19,0.19,0.19,0.19,0.20,0.22,0.21,0.24,0.24,0.24,0.27,0.27,0.25,0.24,0.24,0.22,0.23,0.29,0.32,0.32,0.32,0.32,0.306559121,0.264701464
Honduras,0.45,0.44,0.44,0.47,0.45,0.47,0.48,0.51,0.50,0.51,0.51,0.47,0.45,0.50,0.50,0.44,0.43,0.47,0.48,0.52,0.48,0.47,0.51,0.52,0.58,0.67,0.69,0.69,0.78,0.77,0.78,0.89,0.91,0.99,1.09,1.07,0.97,1.16,1.10,1.04,1.01,1.08,1.10,1.10,1.05,1.15,1.09,1.10,1.17,1.281301386,1.093767509
Hong Kong,2.47,2.44,2.47,2.45,2.75,2.66,3.00,3.37,3.47,3.13,3.13,3.31,3.51,3.94,4.23,4.35,4.86,5.22,5.71,5.86,5.91,6.33,7.03,7.36,6.18,6.10,5.80,5.30,6.52,6.88,6.17,6.27,6.04,6.41,6.11,6.14,6.25,6.46,6.28,6.71,6.08,6.56,6.45,6.57,6.80,6.20,6.26,6.12,5.87,5.706561528,4.297251904
Hungary,6.42,6.55,6.74,7.19,7.36,7.47,7.82,8.14,8.79,8.63,8.54,8.43,8.47,8.15,8.35,8.33,8.22,8.37,7.92,7.78,6.95,6.60,5.95,6.02,6.00,5.94,6.06,5.96,5.95,6.00,5.71,5.87,5.79,6.07,5.91,5.95,5.93,5.82,5.73,5.14,5.23,5.16,4.80,4.52,4.54,4.84,4.94,5.22,5.20,5.223683573,5.135004429
Iceland,9.48,9.83,10.71,12.15,11.73,10.88,10.87,11.09,11.33,11.63,10.66,10.16,8.51,8.58,9.42,8.85,8.78,8.84,9.22,9.14,9.19,8.92,8.88,9.18,9.51,9.15,10.06,9.65,9.88,9.90,10.22,10.50,11.02,10.82,11.00,10.76,10.95,11.47,12.23,12.16,11.70,11.18,11.26,11.45,10.87,11.09,10.87,11.53,11.25,10.38379822,9.233784119
India,0.39,0.38,0.39,0.37,0.39,0.41,0.43,0.42,0.41,0.43,0.44,0.47,0.49,0.50,0.54,0.55,0.59,0.61,0.64,0.67,0.69,0.73,0.74,0.75,0.79,0.83,0.85,0.87,0.88,0.92,0.94,0.94,0.96,0.97,1.03,1.06,1.12,1.19,1.25,1.37,1.42,1.49,1.60,1.62,1.73,1.72,1.73,1.79,1.87,1.873012118,1.743592256
Indonesia,0.27,0.27,0.31,0.34,0.37,0.37,0.39,0.52,0.60,0.63,0.61,0.63,0.62,0.60,0.60,0.64,0.70,0.70,0.75,0.77,0.91,0.96,0.99,1.06,1.11,1.22,1.27,1.38,1.37,1.44,1.41,1.48,1.49,1.61,1.61,1.60,1.67,1.72,1.67,1.70,1.66,1.78,1.89,1.87,2.00,1.99,1.96,2.11,2.27,2.394541893,2.087505968
Iran,2.79,2.91,3.16,3.66,3.78,3.71,4.17,4.24,4.02,3.60,2.96,2.82,3.32,3.61,3.42,3.50,3.13,3.19,3.10,3.21,3.64,3.93,4.14,4.07,4.59,4.60,4.72,4.85,4.74,5.13,5.33,5.46,5.63,5.87,6.22,6.64,7.09,7.46,7.55,7.76,7.72,7.75,7.71,7.87,8.08,7.90,7.98,8.10,8.17,8.281967533,8.257740878
Iraq,2.34,2.65,2.55,2.71,2.83,3.14,3.82,3.39,3.61,4.34,3.79,2.57,2.65,2.84,3.12,3.51,3.85,3.75,3.94,4.30,3.97,3.04,4.11,5.36,5.75,5.47,5.05,5.84,4.16,3.32,3.68,4.07,3.73,3.27,3.42,3.30,3.08,2.76,3.10,3.75,4.09,4.22,4.79,4.96,4.96,4.65,4.88,4.73,4.97,5.095674553,4.609332597
Ireland,7.15,7.89,7.66,7.40,7.87,7.28,7.34,7.71,7.53,8.71,8.27,8.12,7.96,7.79,7.75,8.17,8.42,8.87,8.63,8.93,9.22,9.34,9.27,9.32,9.59,9.72,10.02,10.27,10.80,11.08,11.54,11.93,11.43,11.14,11.02,11.27,11.27,10.87,10.48,9.19,9.01,8.01,8.12,7.88,7.83,8.15,8.48,8.19,8.08,7.554040742,6.679219923
"Israel and Palestine, State of",5.26,5.11,5.21,5.39,5.36,5.47,5.32,5.42,5.64,5.62,5.48,5.60,5.82,5.91,6.02,6.33,6.79,7.30,7.60,7.73,7.85,7.75,8.01,8.47,8.75,9.05,9.37,9.43,9.31,9.36,9.89,9.86,10.24,10.40,10.18,9.68,9.89,10.03,9.80,9.50,10.00,9.69,10.38,9.07,8.75,8.90,8.67,8.57,7.98,8.100090249,7.163650267
"Italy, San Marino and the Holy See",5.92,6.13,6.41,6.78,6.80,6.45,6.90,6.71,6.82,7.08,7.10,6.89,6.72,6.63,6.72,6.71,6.72,7.06,7.16,7.48,7.53,7.51,7.46,7.34,7.23,7.67,7.58,7.65,7.84,7.96,7.99,7.96,8.06,8.35,8.49,8.47,8.34,8.18,7.90,7.00,7.15,6.99,6.65,6.11,5.80,5.98,5.91,5.86,5.77,5.620988743,5.028604619
Jamaica,3.16,3.11,3.35,4.30,4.11,3.86,3.16,3.43,3.46,3.42,3.13,3.06,2.59,2.55,2.36,2.08,1.96,2.06,2.14,2.72,3.11,3.06,3.36,3.39,3.39,3.47,3.58,3.63,3.79,3.85,3.85,3.84,3.80,3.89,3.88,3.87,4.46,4.40,3.61,2.82,2.64,2.68,2.55,2.72,2.64,2.58,2.77,2.57,3.04,3.022257703,2.705500602
Japan,7.93,8.01,8.33,9.26,9.12,8.51,8.69,8.82,8.74,8.89,8.59,8.34,7.92,7.89,8.40,8.13,8.06,8.08,8.63,8.84,9.34,9.39,9.43,9.31,9.68,9.75,9.83,9.70,9.30,9.59,9.73,9.62,9.90,9.95,9.88,9.92,9.74,10.05,9.51,9.02,9.50,9.92,10.24,10.34,10.04,9.73,9.67,9.58,9.24,8.982640152,8.393762089
Jordan,1.60,1.53,1.23,1.35,1.42,1.53,1.78,1.80,2.12,2.20,2.71,3.01,3.06,3.40,3.57,3.51,3.58,3.85,3.57,2.80,2.83,2.69,3.02,2.97,2.96,3.02,3.00,3.03,3.01,2.97,3.04,3.01,3.16,3.05,3.35,3.46,3.39,3.40,3.17,3.09,2.87,2.78,3.06,2.87,2.93,2.81,2.76,2.88,2.68,2.684961024,2.594112355
Kazakhstan,11.97,11.76,12.42,13.11,13.60,14.57,14.27,14.42,15.66,15.83,16.59,15.89,14.95,14.36,13.75,13.26,12.77,13.26,13.65,13.43,15.22,15.89,16.24,13.94,12.67,11.36,10.09,8.90,9.26,8.55,8.73,8.56,9.48,10.45,11.16,11.75,12.98,13.55,15.85,13.98,14.86,15.65,15.23,15.92,14.88,15.41,15.66,15.53,15.21,14.71560397,14.22464909
Kenya,0.34,0.32,0.33,0.33,0.32,0.30,0.33,0.34,0.33,0.31,0.32,0.31,0.28,0.25,0.28,0.27,0.30,0.30,0.29,0.29,0.28,0.26,0.25,0.24,0.23,0.24,0.26,0.24,0.26,0.26,0.27,0.25,0.24,0.21,0.23,0.25,0.27,0.26,0.27,0.30,0.32,0.32,0.29,0.32,0.34,0.37,0.40,0.39,0.36,0.364653164,0.306843095
Kiribati,0.36,0.36,0.39,0.44,0.54,0.44,0.42,0.44,0.42,0.47,0.48,0.52,0.47,0.48,0.20,0.23,0.19,0.25,0.25,0.23,0.23,0.22,0.23,0.22,0.23,0.22,0.22,0.22,0.23,0.22,0.35,0.31,0.43,0.44,0.46,0.60,0.63,0.51,0.57,0.47,0.49,0.57,0.51,0.50,0.48,0.52,0.52,0.53,0.53,0.539954109,0.519973365
Kuwait,51.34,50.81,48.36,40.71,31.22,25.17,24.27,22.53,24.50,26.57,23.63,21.32,21.81,22.50,21.90,23.59,24.03,24.40,27.93,31.70,15.53,19.04,14.16,19.31,24.53,25.09,24.34,24.40,25.37,25.68,26.75,27.47,28.29,29.27,30.14,33.05,32.76,31.02,30.74,31.17,28.75,27.57,25.23,26.46,24.17,25.39,25.35,23.74,23.29,23.14780258,20.91028937
Kyrgyzstan,5.01,4.91,5.10,5.25,5.38,5.61,5.64,5.69,6.39,6.42,6.65,6.31,5.89,5.49,5.14,4.90,4.76,5.05,5.12,5.05,5.42,4.82,3.14,2.29,1.49,1.04,1.28,1.25,1.30,1.02,0.99,0.83,1.03,1.15,1.14,1.08,1.08,1.29,1.47,1.30,1.21,1.43,1.83,1.70,1.72,1.82,1.69,1.62,1.89,1.759757981,1.818098653
Laos,0.10,0.10,0.10,0.12,0.14,0.11,0.11,0.11,0.11,0.12,0.12,0.06,0.05,0.05,0.04,0.05,0.05,0.05,0.05,0.05,0.05,0.06,0.07,0.07,0.07,0.07,0.09,0.11,0.13,0.10,0.18,0.20,0.22,0.23,0.24,0.26,0.33,0.30,0.35,0.41,0.48,0.59,0.61,0.73,0.76,1.87,3.15,3.38,3.37,5.943553128,5.839503645
Latvia,5.79,5.75,6.13,6.45,6.51,7.10,6.96,7.27,7.27,7.65,7.64,8.00,7.94,8.00,7.90,7.85,8.00,7.92,7.94,7.78,7.63,6.98,5.57,4.75,4.24,3.77,3.85,3.69,3.60,3.37,3.18,3.36,3.38,3.52,3.57,3.66,3.93,4.16,4.02,3.71,4.31,4.05,3.99,3.92,3.87,3.93,3.88,3.89,4.22,4.426460874,3.933400241
Lebanon,2.34,2.33,2.48,2.98,2.97,2.61,2.42,2.10,2.54,2.86,2.89,2.91,2.13,2.26,2.29,2.66,2.81,2.88,2.22,2.23,2.21,2.69,2.82,3.93,4.21,4.78,4.91,5.35,5.28,5.37,4.73,4.92,4.67,4.45,4.32,4.16,3.86,3.47,4.33,5.16,4.76,4.57,4.77,4.38,4.46,4.59,4.64,4.84,4.58,4.619563885,4.446905242
Lesotho,0.08,0.07,0.07,0.07,0.08,0.08,0.08,0.08,0.07,0.08,0.08,0.07,0.07,0.07,0.07,0.07,0.08,0.10,0.06,0.08,0.08,0.09,0.08,0.08,0.08,0.08,0.08,0.09,0.08,0.09,0.21,0.21,0.21,0.22,0.22,0.22,0.22,0.32,0.23,0.26,0.26,0.25,0.27,0.27,0.27,0.27,0.28,0.30,0.31,0.30841639,0.281163646
Liberia,0.76,0.74,0.72,0.71,0.74,0.76,0.74,0.75,0.71,0.78,0.80,0.66,0.59,0.59,0.51,0.53,0.42,0.40,0.50,0.38,0.21,0.14,0.14,0.15,0.15,0.15,0.15,0.14,0.14,0.14,0.16,0.18,0.17,0.18,0.19,0.23,0.23,0.20,0.17,0.15,0.21,0.22,0.24,0.21,0.27,0.27,0.30,0.28,0.28,0.280034875,0.247146473
Libya,17.75,11.65,8.45,7.47,4.93,6.08,7.06,7.36,7.62,8.06,9.18,7.64,8.27,7.70,7.77,7.28,8.18,7.53,8.00,8.03,8.37,8.08,8.08,8.42,9.51,10.05,10.46,9.55,9.35,8.93,9.32,9.12,9.33,9.85,9.74,9.81,9.49,8.64,9.05,9.39,9.93,6.82,9.60,9.49,9.36,8.26,7.81,8.41,8.57,8.750864076,7.896213791
Lithuania,6.42,6.38,6.73,7.17,7.59,8.19,8.45,8.67,8.91,9.14,9.43,9.47,9.42,9.38,9.46,9.42,9.42,9.40,9.30,9.12,9.56,10.08,5.74,4.47,4.36,4.20,4.36,4.25,4.51,3.82,3.37,3.61,3.67,3.70,3.91,4.22,4.35,4.82,4.90,4.14,4.47,4.62,4.73,4.43,4.44,4.58,4.57,4.75,4.80,4.854457482,4.749948402
Luxembourg,54.25,50.22,49.00,52.51,48.22,38.07,40.31,38.07,41.36,38.77,36.34,30.84,28.96,27.16,29.69,30.13,29.27,27.65,28.87,30.73,30.78,31.58,30.31,30.48,27.93,22.11,21.85,20.35,18.43,19.04,20.28,21.31,22.72,23.48,26.42,26.59,25.77,24.01,23.22,21.47,22.17,21.41,20.48,19.02,17.73,16.49,15.78,15.80,16.15,16.15199807,13.24284461
Macao,1.26,1.25,1.36,1.59,1.99,1.68,1.61,1.73,1.71,1.95,1.97,2.04,1.92,2.65,2.34,2.11,2.47,2.94,2.74,2.65,2.72,2.62,2.72,2.88,3.22,3.01,3.39,3.53,3.86,3.93,3.19,3.30,3.43,3.39,4.00,4.00,3.75,3.17,2.54,2.65,2.08,2.84,2.97,2.80,2.77,3.49,3.24,3.37,3.42,3.47139359,3.356902665
Madagascar,0.11,0.11,0.10,0.10,0.10,0.11,0.11,0.11,0.10,0.11,0.11,0.09,0.07,0.09,0.08,0.09,0.06,0.11,0.11,0.07,0.07,0.08,0.08,0.07,0.08,0.08,0.08,0.08,0.08,0.08,0.13,0.13,0.09,0.12,0.12,0.12,0.12,0.12,0.12,0.10,0.12,0.14,0.17,0.19,0.18,0.18,0.19,0.18,0.19,0.173790556,0.153537293
Malawi,0.06,0.06,0.06,0.06,0.06,0.07,0.08,0.08,0.08,0.09,0.09,0.08,0.07,0.06,0.05,0.06,0.05,0.06,0.05,0.06,0.08,0.10,0.10,0.10,0.10,0.10,0.11,0.11,0.10,0.11,0.15,0.14,0.13,0.14,0.14,0.13,0.14,0.13,0.14,0.13,0.14,0.09,0.08,0.09,0.08,0.08,0.09,0.08,0.08,0.076992895,0.0682788
Malaysia,1.32,1.33,1.30,1.32,1.52,1.60,1.71,1.66,1.78,1.95,2.04,2.10,2.16,2.35,2.38,2.42,2.38,2.37,2.46,2.80,3.19,3.72,3.80,4.05,4.24,4.45,4.96,5.18,5.00,5.35,5.72,5.90,6.15,6.42,6.79,7.14,7.30,7.82,8.17,7.23,7.72,7.62,7.59,8.03,8.35,8.23,7.96,7.62,8.04,8.155575112,7.976168435
Maldives,0.08,0.08,0.09,0.10,0.12,0.09,0.09,0.09,0.09,0.10,0.10,0.10,0.09,0.09,0.28,0.30,0.29,0.32,0.37,0.34,0.41,0.40,0.40,0.44,0.93,1.20,1.24,1.09,1.23,1.18,2.05,1.75,2.01,1.68,2.16,1.94,2.29,2.10,2.27,2.28,2.39,3.20,3.65,3.68,4.71,3.62,3.58,3.68,3.72,3.76840335,3.631063353
Mali,0.05,0.04,0.04,0.05,0.05,0.05,0.05,0.05,0.05,0.05,0.05,0.06,0.04,0.04,0.04,0.05,0.04,0.05,0.03,0.05,0.05,0.05,0.05,0.05,0.05,0.05,0.05,0.05,0.05,0.05,0.09,0.09,0.08,0.08,0.08,0.08,0.09,0.11,0.12,0.15,0.14,0.14,0.15,0.16,0.17,0.18,0.17,0.20,0.20,0.19588598,0.171669927
Malta,2.23,2.23,2.77,2.66,2.43,2.19,2.45,2.57,2.96,2.87,3.15,3.53,3.99,2.95,3.95,3.43,5.43,5.64,6.07,6.52,6.45,6.12,5.95,7.61,6.75,6.36,6.17,6.50,6.18,6.22,5.45,6.32,5.87,6.55,6.52,6.55,6.60,6.72,6.70,6.13,6.31,6.22,6.57,5.74,5.67,3.99,3.29,3.66,3.72,3.787032232,3.579896633
Martinique,1.50,1.50,1.73,1.88,1.58,1.96,1.76,1.94,2.02,1.92,1.96,1.98,1.93,1.94,1.89,2.20,2.40,2.88,3.34,4.18,4.44,3.95,4.32,5.23,5.09,5.05,5.04,4.81,4.59,4.64,4.88,4.88,4.71,4.93,5.00,4.72,4.54,4.60,4.53,4.97,5.16,5.40,5.50,5.58,5.79,5.03,5.08,5.58,5.42,5.293141943,4.601609
Mauritania,0.33,0.32,0.31,0.31,0.32,0.32,0.32,0.32,0.30,0.33,0.35,0.28,0.25,0.25,0.34,0.35,0.22,0.36,0.42,0.43,0.35,0.43,1.18,1.15,1.17,1.19,1.14,1.16,1.15,1.16,0.45,0.48,0.50,0.51,0.54,0.54,0.56,0.60,0.67,0.63,0.62,0.61,0.67,0.59,0.66,0.66,0.60,0.65,0.64,0.632945596,0.557305494
Mauritius,0.37,0.36,0.41,0.44,0.51,0.52,0.56,0.64,0.66,0.66,0.61,0.62,0.56,0.63,0.68,0.63,0.77,0.81,0.89,1.00,1.13,1.19,1.24,1.35,1.37,1.39,1.44,1.43,1.55,1.88,2.07,2.17,2.20,2.29,2.30,2.44,2.71,2.77,2.82,2.77,2.95,2.93,3.00,3.07,3.18,3.17,3.22,3.33,3.29,3.145874077,2.84780861
Mexico,2.33,2.27,2.42,2.52,2.69,2.75,2.85,2.87,3.13,3.23,3.49,3.67,3.83,3.54,3.52,3.56,3.44,3.51,3.43,3.52,3.41,3.55,3.52,3.54,3.75,3.47,3.58,3.72,3.89,3.72,3.91,3.84,3.85,3.99,4.03,4.14,4.23,4.22,4.17,4.02,4.09,4.11,4.21,4.05,3.89,3.90,3.91,3.88,3.86,3.684553528,3.045454766
Moldova,4.64,4.59,4.82,5.27,5.68,5.82,6.48,6.41,6.75,6.77,7.01,6.52,6.67,6.76,6.79,6.75,6.98,7.30,7.21,7.15,7.32,5.89,4.68,3.97,3.24,2.81,2.44,2.23,2.03,1.74,1.62,1.70,1.74,1.87,1.89,1.99,1.94,1.93,1.91,1.89,2.08,2.09,2.05,1.81,1.95,2.02,2.04,2.02,2.15,2.046147586,2.112296204
Mongolia,4.34,4.22,3.79,3.92,4.25,4.26,4.24,4.71,4.94,5.18,5.49,5.11,5.29,5.35,5.50,6.21,6.61,6.82,7.04,6.53,6.02,6.70,5.78,5.28,4.57,4.50,3.78,3.67,3.65,3.64,3.77,3.73,3.96,3.79,3.84,4.40,4.93,5.08,5.00,5.19,5.38,5.83,6.21,6.53,6.32,5.92,6.13,6.51,7.04,12.1341042,11.9120794
Morocco,0.43,0.42,0.46,0.54,0.58,0.61,0.65,0.71,0.74,0.78,0.78,0.77,0.79,0.81,0.80,0.81,0.81,0.82,0.84,0.90,0.90,0.93,0.98,0.99,1.05,1.08,1.05,1.09,1.11,1.15,1.16,1.27,1.29,1.27,1.39,1.46,1.48,1.48,1.55,1.53,1.61,1.71,1.76,1.73,1.74,1.77,1.74,1.81,1.82,1.968616921,1.827636123
Mozambique,0.35,0.34,0.31,0.32,0.29,0.25,0.24,0.23,0.20,0.18,0.21,0.18,0.17,0.15,0.13,0.12,0.12,0.12,0.12,0.12,0.09,0.07,0.08,0.09,0.08,0.08,0.08,0.08,0.08,0.08,0.09,0.10,0.11,0.13,0.14,0.13,0.13,0.15,0.14,0.15,0.15,0.17,0.16,0.17,0.23,0.28,0.36,0.33,0.35,0.357258284,0.30755209
Myanmar/Burma,0.18,0.18,0.17,0.13,0.15,0.14,0.15,0.15,0.16,0.16,0.17,0.16,0.16,0.15,0.16,0.17,0.17,0.13,0.12,0.12,0.11,0.10,0.11,0.12,0.14,0.17,0.18,0.18,0.19,0.20,0.22,0.19,0.19,0.23,0.22,0.23,0.21,0.22,0.17,0.16,0.17,0.17,0.24,0.28,0.34,0.38,0.43,0.63,0.63,0.697456804,0.688052643
Namibia,1.57,1.53,1.46,1.45,1.51,1.54,1.53,1.55,1.47,1.59,1.71,1.54,1.43,1.42,1.34,1.34,1.38,1.70,1.51,1.34,1.22,0.78,0.82,0.92,1.04,1.09,1.15,1.15,1.15,1.07,1.01,1.26,1.08,1.14,1.19,1.26,1.25,1.28,1.43,1.44,1.45,1.51,1.56,1.62,1.66,1.73,1.76,1.74,1.67,1.634487792,1.488203735
Nepal,0.02,0.02,0.03,0.04,0.04,0.03,0.03,0.03,0.03,0.04,0.04,0.04,0.04,0.05,0.05,0.04,0.05,0.05,0.05,0.04,0.06,0.07,0.07,0.08,0.09,0.10,0.10,0.11,0.11,0.14,0.14,0.15,0.12,0.14,0.12,0.13,0.11,0.11,0.12,0.15,0.18,0.20,0.23,0.22,0.26,0.26,0.36,0.43,0.49,0.602621485,0.591271126
Netherlands,10.38,10.29,11.35,11.71,11.00,10.30,11.00,10.75,11.03,11.63,11.02,10.90,10.13,9.76,10.14,10.38,10.48,10.71,10.64,10.79,10.78,11.14,10.94,11.14,11.10,11.47,12.07,11.50,11.48,11.11,11.09,11.32,11.29,11.36,11.45,11.11,10.80,10.83,10.87,10.52,11.17,10.40,10.21,10.11,9.64,10.08,10.07,9.91,9.58,9.211600836,8.421673684
New Caledonia,9.61,9.22,9.68,10.61,12.48,10.27,9.56,9.98,9.74,10.86,11.02,11.40,7.29,6.77,6.80,9.13,8.56,9.49,9.08,9.54,9.24,9.66,9.56,9.08,9.15,8.90,9.24,8.82,8.95,9.80,12.15,11.24,12.47,12.98,13.06,13.49,12.73,11.83,11.78,10.84,14.33,15.19,14.81,14.86,17.84,16.94,16.06,18.39,18.66,26.11732453,25.52235139
New Zealand,5.34,5.12,5.76,6.12,6.25,5.83,6.35,6.51,6.31,5.73,5.73,5.64,6.13,6.15,6.23,6.35,6.01,6.35,6.69,6.65,7.03,7.13,7.51,7.34,7.35,7.43,7.69,8.28,8.11,8.49,8.71,9.11,9.03,9.09,8.87,8.94,8.82,8.48,8.61,7.89,7.79,7.54,7.89,7.75,7.87,7.75,7.56,7.78,7.50,7.785611934,6.833167614
Nicaragua,0.68,0.66,0.66,0.72,0.75,0.72,0.80,0.95,0.83,0.52,0.61,0.63,0.59,0.62,0.55,0.54,0.63,0.61,0.54,0.46,0.48,0.47,0.53,0.51,0.57,0.59,0.61,0.65,0.74,0.73,0.75,0.78,0.80,0.82,0.84,0.80,0.84,0.85,0.81,0.79,0.81,0.83,0.82,0.77,0.82,0.90,0.90,0.91,0.86,0.912734537,0.794235443
Niger,0.07,0.07,0.07,0.07,0.07,0.07,0.08,0.08,0.07,0.08,0.09,0.08,0.08,0.07,0.07,0.07,0.06,0.07,0.10,0.09,0.14,0.15,0.15,0.17,0.13,0.14,0.14,0.14,0.15,0.13,0.06,0.06,0.06,0.06,0.06,0.06,0.06,0.06,0.06,0.07,0.09,0.09,0.12,0.11,0.11,0.11,0.10,0.10,0.11,0.103599161,0.089813503
Nigeria,0.52,0.75,0.95,1.11,1.37,1.01,1.16,0.99,1.01,1.40,1.22,0.98,0.91,0.88,0.87,0.88,0.84,0.77,0.86,0.85,0.78,0.83,0.88,0.84,0.76,0.82,0.93,0.89,0.79,0.76,0.82,0.84,0.74,0.81,0.76,0.72,0.64,0.57,0.59,0.51,0.57,0.58,0.53,0.63,0.65,0.60,0.60,0.59,0.67,0.664131527,0.615660578
North Korea,5.29,5.17,5.23,5.22,5.30,5.44,5.66,5.89,6.15,6.51,6.79,6.87,7.06,7.21,7.28,7.44,7.21,6.85,6.93,6.91,6.51,6.16,5.36,4.89,4.41,4.08,3.58,3.44,2.79,3.02,3.22,3.32,3.15,3.19,3.23,3.34,3.38,2.81,3.07,2.33,2.15,1.57,1.59,1.15,1.33,1.11,1.22,0.99,0.81,1.259392618,1.24781349
North Macedonia,5.51,5.12,5.15,5.90,6.09,4.78,5.10,5.20,5.07,5.71,5.08,5.53,4.84,4.54,5.15,5.35,5.57,5.29,5.48,5.72,5.61,4.98,4.44,4.57,4.43,4.40,5.16,4.63,5.05,4.63,4.45,4.52,4.25,4.61,4.48,4.72,4.71,5.03,4.92,4.41,4.43,4.94,4.64,4.23,4.02,3.81,3.59,3.90,3.62,4.134736727,3.687309298
Norway,9.53,9.13,9.83,9.91,9.46,9.20,9.68,9.89,9.59,10.26,9.81,8.93,8.07,8.03,8.47,8.65,9.20,8.86,9.06,8.80,8.82,8.15,8.73,9.17,9.57,9.57,9.60,10.08,10.39,10.68,9.53,9.58,9.38,9.96,9.99,9.55,9.61,9.71,9.69,9.26,9.52,9.18,8.97,8.81,8.66,8.65,8.46,8.24,8.29,8.021870871,7.740195795
Oman,10.13,9.79,9.45,9.13,9.19,29.29,31.02,29.37,22.99,19.62,11.16,11.81,9.74,10.50,8.55,6.35,7.24,6.78,7.29,6.97,8.60,10.03,9.13,8.28,7.47,8.52,8.87,9.10,8.85,9.95,11.17,12.40,13.03,13.48,12.99,13.14,16.32,17.10,16.20,16.33,16.89,18.42,19.43,19.00,18.91,18.86,18.21,17.92,17.81,17.47136207,16.90394271
Pakistan,0.31,0.30,0.31,0.31,0.32,0.35,0.33,0.33,0.34,0.35,0.36,0.38,0.42,0.43,0.44,0.47,0.49,0.55,0.57,0.60,0.61,0.60,0.65,0.70,0.70,0.74,0.75,0.76,0.75,0.80,0.79,0.79,0.78,0.79,0.86,0.86,0.91,1.00,0.95,0.94,0.89,0.88,0.87,0.86,0.89,0.92,0.99,1.07,1.10,1.065317392,1.041573116
Palau,173.68,171.09,168.23,165.52,163.47,162.39,162.30,163.10,164.06,164.46,163.51,163.39,158.69,160.32,172.53,136.31,145.52,149.82,140.93,144.50,142.83,138.23,123.00,122.43,178.18,136.13,124.96,138.90,122.98,128.14,110.64,121.78,73.76,87.20,76.83,87.11,84.77,68.74,69.09,106.81,103.09,115.02,173.59,87.18,60.09,56.14,53.21,55.05,56.02,57.10925762,55.28919473
Panama,1.70,1.66,1.73,1.88,1.87,1.86,1.81,1.75,1.63,1.72,1.62,1.38,1.52,1.68,1.37,1.28,1.29,1.40,1.05,1.08,1.11,1.25,1.46,1.47,1.53,1.61,1.59,1.63,1.97,1.69,1.72,2.01,1.72,1.73,1.73,2.17,2.24,2.17,2.06,2.43,2.60,2.76,2.83,2.82,2.95,2.77,2.74,2.53,2.34,2.523640437,2.168445246
Papua New Guinea,0.45,0.44,0.47,0.53,0.64,0.52,0.48,0.50,0.48,0.53,0.53,0.56,0.50,0.50,0.48,0.53,0.46,0.57,0.51,0.49,0.49,0.47,0.47,0.47,0.49,0.47,0.48,0.50,0.61,0.48,0.50,0.55,0.58,0.62,0.71,0.77,0.76,0.69,0.75,0.65,0.62,0.49,0.69,0.72,0.86,0.80,0.92,0.83,0.85,0.856560108,0.828795318
Paraguay,0.28,0.27,0.29,0.31,0.30,0.31,0.33,0.45,0.53,0.49,0.49,0.46,0.45,0.42,0.45,0.44,0.45,0.49,0.53,0.52,0.54,0.51,0.60,0.66,0.75,0.83,0.80,0.87,0.89,0.87,0.71,0.72,0.74,0.75,0.75,0.68,0.70,0.71,0.75,0.75,0.86,0.88,0.91,0.88,0.91,0.99,1.13,1.25,1.29,1.281910318,1.108985232
Peru,1.30,1.27,1.24,1.28,1.35,1.34,1.33,1.28,1.25,1.27,1.30,1.32,1.26,1.05,1.06,1.00,1.07,1.13,1.12,0.98,0.96,0.91,0.93,0.96,0.96,1.08,1.16,1.14,1.08,1.15,1.12,1.03,1.06,1.03,1.17,1.15,1.13,1.21,1.36,1.44,1.56,1.65,1.63,1.64,1.72,1.75,1.80,1.70,1.69,1.672493585,1.335231072
Philippines,0.74,0.73,0.73,0.81,0.75,0.80,0.78,0.83,0.84,0.88,0.78,0.71,0.70,0.73,0.63,0.60,0.55,0.66,0.67,0.68,0.71,0.70,0.74,0.77,0.82,0.96,0.99,1.08,1.04,1.00,0.99,0.93,0.93,0.93,0.93,0.95,0.84,0.89,0.89,0.88,0.93,0.92,0.96,1.03,1.08,1.15,1.22,1.32,1.35,1.38846025,1.26849616
Poland,9.55,9.74,10.06,10.51,10.81,11.16,11.79,12.10,12.78,12.68,12.87,11.72,11.81,11.77,12.10,12.25,12.38,12.73,12.40,11.81,9.82,9.71,9.43,9.41,9.23,9.28,9.64,9.42,8.69,8.44,8.13,8.05,7.89,8.22,8.29,8.28,8.64,8.62,8.48,8.13,8.59,8.53,8.34,8.23,7.91,8.00,8.29,8.66,8.68,8.228543075,7.710733326
Portugal,1.91,2.04,2.05,2.26,2.24,2.38,2.49,2.43,2.49,2.75,2.89,3.02,3.05,3.10,2.98,2.85,3.21,3.31,3.43,4.26,4.38,4.56,4.92,4.79,4.92,5.25,5.03,5.25,5.67,6.30,6.23,6.14,6.51,6.02,6.16,6.45,5.96,5.80,5.59,5.51,5.02,4.88,4.74,4.62,4.67,5.01,4.93,5.46,5.16,4.664087005,3.956862404
Puerto Rico,0.50,0.53,0.55,0.54,0.52,0.46,0.45,0.41,0.40,0.35,0.33,0.31,0.27,0.26,0.28,0.26,0.25,0.28,0.29,0.31,0.26,0.26,0.25,0.25,0.26,0.26,0.27,0.26,0.26,0.28,0.44,0.58,0.58,0.64,0.62,0.61,0.62,0.62,0.64,0.58,0.63,0.65,1.02,1.15,1.17,1.14,1.24,1.02,1.00,1.13973011,1.085739676
Qatar,134.39,153.35,168.86,173.61,135.55,121.26,107.36,91.60,97.98,85.82,65.19,47.75,45.64,36.72,47.95,41.70,40.85,38.88,37.81,37.95,35.70,37.04,38.35,38.88,40.49,40.92,43.68,52.25,53.62,56.64,53.68,52.64,56.13,55.64,54.32,50.42,48.37,46.27,42.88,38.36,38.76,39.72,38.71,39.87,39.96,38.76,38.06,37.52,37.52,39.5681488,35.63540486
Réunion,0.81,0.81,0.80,0.82,0.86,0.89,0.89,0.92,0.86,0.95,1.00,0.93,0.95,1.09,1.16,1.17,1.20,1.64,1.78,1.76,1.68,2.25,2.03,2.40,2.45,2.44,2.42,2.47,3.17,3.23,3.12,3.11,3.13,3.20,3.50,3.24,2.99,2.79,3.09,3.15,3.34,3.21,2.98,2.87,2.97,3.08,3.14,3.02,3.15,3.260259998,2.691010002
Romania,6.17,6.13,6.29,6.80,6.81,7.27,8.00,8.29,8.90,9.05,8.88,8.86,8.78,8.83,8.70,8.62,8.85,9.12,9.26,9.03,7.95,6.46,5.82,5.50,5.41,5.71,5.91,5.47,4.83,4.16,4.39,4.68,4.70,4.99,4.92,4.88,5.13,5.05,5.02,4.13,4.04,4.38,4.30,3.94,3.94,4.00,3.93,4.11,4.18,4.145616709,3.909425811
Russia,10.19,10.15,10.58,11.04,11.46,12.34,12.41,12.69,13.36,13.47,13.76,13.83,13.91,13.90,13.91,14.02,14.25,14.38,14.66,14.61,16.23,15.94,14.70,13.39,12.03,11.75,11.47,10.73,10.78,11.13,11.43,11.53,11.50,12.00,12.04,12.08,12.36,12.39,12.30,11.57,12.11,12.70,12.56,12.17,12.03,12.05,11.87,12.06,12.44,12.35557556,11.64381937
Rwanda,0.03,0.02,0.02,0.02,0.02,0.03,0.02,0.02,0.02,0.02,0.03,0.05,0.04,0.05,0.07,0.08,0.08,0.10,0.09,0.08,0.08,0.10,0.09,0.09,0.09,0.10,0.10,0.10,0.09,0.09,0.07,0.07,0.07,0.07,0.07,0.07,0.07,0.06,0.07,0.06,0.07,0.07,0.07,0.08,0.08,0.08,0.09,0.09,0.09,0.092555492,0.07745344
"Saint Helena, Ascension and Tristan da Cunha",0.57,0.56,0.45,0.49,0.52,0.45,0.35,0.64,0.54,0.57,0.61,0.38,0.34,0.54,0.48,0.53,0.58,0.82,0.92,0.93,1.72,0.99,0.95,1.20,1.04,1.10,0.66,0.73,0.73,0.79,2.20,1.51,1.57,1.74,2.06,2.27,2.03,2.38,2.49,2.54,2.75,2.89,2.96,3.64,3.66,3.71,3.88,4.04,4.22,4.128281098,3.789577187
Saint Kitts and Nevis,0.86,0.87,1.01,1.11,0.92,1.17,1.03,1.15,1.20,1.13,1.13,1.15,1.11,1.16,1.32,1.30,1.19,1.30,1.35,1.26,1.24,1.75,1.77,1.95,2.23,1.85,2.17,2.03,1.95,1.98,3.26,3.31,3.36,3.56,3.85,3.41,3.36,3.45,3.40,3.76,3.87,4.33,4.53,4.78,4.64,4.59,4.52,3.05,2.94,2.842673785,2.438888783
Saint Lucia,0.73,0.72,0.82,0.89,0.73,0.92,0.80,0.87,0.89,0.82,0.81,0.61,0.77,0.69,0.77,0.94,0.99,1.14,1.38,1.28,1.23,1.28,1.29,1.16,1.34,1.31,1.31,1.23,1.16,1.17,1.79,1.92,1.62,1.90,1.92,1.90,1.83,1.83,1.84,1.95,2.09,2.31,2.45,2.60,2.53,2.48,2.41,1.97,1.90,1.850964623,1.595469872
Saint Pierre and Miquelon,18.13,17.83,20.39,21.98,17.85,22.47,19.66,21.67,22.44,20.99,20.80,20.97,18.07,20.82,23.45,20.47,26.63,36.85,35.70,40.21,36.85,36.48,34.10,17.75,17.95,11.20,11.31,6.24,8.07,8.27,8.56,8.54,8.77,10.59,10.35,10.36,9.97,10.11,10.04,11.03,11.84,13.06,13.79,15.15,15.49,15.09,14.84,8.47,8.20,8.235763246,7.303701384
Saint Vincent and the Grenadines,0.31,0.31,0.36,0.39,0.32,0.40,0.35,0.38,0.39,0.36,0.36,0.36,0.34,0.35,0.39,0.38,0.34,0.37,0.42,0.62,0.63,0.63,0.79,0.59,1.07,1.17,1.06,1.18,1.26,1.29,1.12,1.34,1.35,1.53,1.69,1.64,1.58,1.58,1.57,2.35,1.75,1.77,2.33,2.03,2.10,2.07,2.00,1.28,1.24,1.211581419,1.046359983
Samoa,0.44,0.43,0.47,0.54,0.66,0.54,0.51,0.54,0.53,0.60,0.61,0.67,0.69,0.71,0.75,0.68,0.51,0.58,0.57,0.69,0.70,0.70,0.64,0.69,0.74,0.71,0.71,0.73,0.75,0.74,0.81,0.87,0.87,0.88,0.89,0.92,0.92,0.88,0.91,0.91,0.98,1.28,1.18,1.15,1.15,1.66,1.44,1.74,1.78,1.825480088,1.776155546
São Tomé and Príncipe,0.20,0.20,0.19,0.20,0.20,0.21,0.21,0.21,0.20,0.21,0.23,0.20,0.19,0.19,0.18,0.18,0.21,0.27,0.25,0.22,0.39,0.49,0.43,0.41,0.49,0.50,0.50,0.51,0.51,0.52,0.45,0.45,0.49,0.54,0.60,0.63,0.63,0.63,0.68,0.70,0.74,0.71,0.73,0.71,0.68,0.71,0.73,0.75,0.77,0.723331625,0.618276938
Saudi Arabia,8.06,9.53,11.87,15.37,15.37,11.98,14.15,14.50,14.67,16.52,19.25,16.79,16.12,15.06,10.65,10.27,9.75,10.09,10.50,10.19,10.63,10.54,10.98,11.24,11.90,11.55,12.01,11.92,12.43,12.42,12.77,12.94,13.41,13.67,14.08,14.53,14.95,15.37,16.23,16.66,17.79,18.04,18.54,18.27,19.03,19.38,18.87,18.65,17.63,17.37890591,16.96400117
Senegal,0.32,0.31,0.32,0.33,0.35,0.37,0.38,0.39,0.37,0.40,0.41,0.39,0.36,0.35,0.36,0.37,0.34,0.33,0.31,0.32,0.32,0.31,0.33,0.31,0.31,0.32,0.34,0.36,0.39,0.42,0.41,0.45,0.46,0.43,0.48,0.52,0.49,0.53,0.53,0.53,0.55,0.57,0.54,0.56,0.58,0.62,0.67,0.66,0.67,0.653218402,0.584956815
Serbia and Montenegro,2.83,2.82,2.85,3.08,3.24,3.38,3.54,3.71,3.95,4.16,4.11,4.79,4.94,5.33,5.59,5.88,6.12,5.89,6.04,5.92,6.55,5.44,4.97,4.33,3.96,4.46,5.23,5.74,5.79,4.16,6.55,7.39,7.78,8.29,8.82,8.37,8.67,8.68,8.87,8.62,8.89,9.36,8.52,8.70,7.53,8.78,9.09,8.80,8.55,9.582565625,8.306293978
Seychelles,2.25,2.20,2.11,2.11,2.21,2.27,2.22,2.25,2.14,2.32,2.51,1.82,1.55,2.71,2.75,2.97,3.01,4.09,5.62,5.41,4.42,5.99,5.15,5.09,5.04,5.30,5.33,5.88,5.90,6.07,11.05,11.84,10.09,10.09,13.77,12.19,12.84,10.32,11.27,12.14,10.82,8.73,10.00,8.91,10.16,10.69,11.97,11.72,12.26,12.57511489,12.25175101
Sierra Leone,0.16,0.15,0.15,0.15,0.16,0.16,0.16,0.16,0.15,0.16,0.17,0.15,0.15,0.15,0.13,0.15,0.17,0.22,0.22,0.19,0.18,0.22,0.15,0.14,0.14,0.16,0.18,0.18,0.19,0.19,0.10,0.13,0.12,0.12,0.13,0.10,0.13,0.12,0.11,0.11,0.11,0.13,0.15,0.16,0.17,0.14,0.14,0.14,0.14,0.140491269,0.12522235
Singapore,3.19,3.14,3.69,4.03,4.14,4.11,4.41,4.83,5.47,5.81,5.73,6.08,6.20,6.57,6.49,6.98,6.93,6.91,7.68,7.99,10.50,10.77,10.73,11.99,12.27,11.85,11.88,11.54,10.92,10.76,11.64,11.42,10.95,10.00,10.21,9.31,9.12,9.20,8.89,8.85,9.67,9.95,9.55,9.85,9.93,10.01,9.65,10.01,9.82,9.662733725,9.453603325
Slovakia,9.66,9.57,9.66,9.88,9.95,10.14,10.21,10.48,11.69,11.78,12.44,12.06,11.59,11.47,11.81,11.69,11.09,11.41,11.53,11.40,11.44,9.87,9.19,8.90,8.40,8.47,8.49,8.46,8.25,8.15,7.71,7.78,7.72,7.77,7.72,7.81,7.70,7.58,7.57,6.86,7.38,7.00,6.68,6.73,6.27,6.35,6.52,6.89,6.89,6.356795574,5.84631198
Slovenia,5.68,5.61,5.60,6.07,6.45,6.00,6.06,6.27,6.49,6.80,6.33,6.08,5.87,6.02,5.84,5.90,6.19,5.64,6.81,6.72,8.29,7.66,7.66,7.90,7.99,8.01,8.41,8.57,8.42,8.08,7.89,8.83,8.98,8.91,9.08,9.18,9.32,9.25,9.68,8.66,8.75,8.20,7.91,7.90,7.23,7.27,7.61,7.59,7.57,7.318198408,6.619449485
Solomon Islands,0.41,0.40,0.42,0.47,0.56,0.45,0.41,0.42,0.40,0.44,0.44,0.66,0.53,0.58,0.48,0.48,0.37,0.47,0.54,0.50,0.49,0.48,0.48,0.46,0.48,0.45,0.44,0.45,0.45,0.43,0.38,0.39,0.38,0.38,0.37,0.37,0.35,0.34,0.33,0.32,0.34,0.41,0.38,0.39,0.38,0.38,0.32,0.48,0.49,0.491412286,0.472561954
Somalia,0.19,0.19,0.18,0.19,0.19,0.19,0.17,0.16,0.14,0.14,0.14,0.14,0.13,0.13,0.13,0.13,0.15,0.14,0.13,0.12,0.10,0.07,0.06,0.06,0.06,0.06,0.06,0.06,0.06,0.06,0.08,0.08,0.09,0.08,0.08,0.08,0.08,0.08,0.07,0.07,0.07,0.06,0.06,0.06,0.06,0.06,0.06,0.06,0.06,0.059397332,0.048072415
South Africa,8.13,7.86,7.92,8.39,8.43,8.82,9.13,8.89,7.89,7.89,8.17,8.41,8.40,8.26,8.59,8.53,8.28,8.56,8.48,8.21,8.35,7.95,7.60,7.46,7.47,7.70,7.82,8.03,8.04,7.54,7.58,7.68,7.86,8.25,8.79,8.90,8.89,9.18,9.64,8.93,8.93,8.45,8.64,8.73,8.82,8.26,8.16,8.13,8.00,8.058185571,7.410044354
South Korea,1.95,1.93,1.95,2.36,2.44,2.59,2.85,3.19,3.32,3.72,3.73,3.85,3.78,4.05,4.50,4.66,4.79,4.88,5.46,5.68,6.32,6.83,7.19,7.80,8.31,8.94,9.43,9.84,8.38,9.05,10.21,10.43,10.28,10.30,10.65,10.60,10.70,10.89,11.06,11.19,12.09,12.66,12.67,12.56,12.40,12.71,13.01,13.17,13.35,12.91419199,12.06571312
Spain and Andorra,4.27,4.12,4.43,4.74,5.04,5.15,5.59,5.31,5.21,5.48,5.71,5.81,5.60,5.66,5.34,5.15,5.22,5.24,5.33,5.80,5.90,6.08,6.29,5.89,6.13,6.42,6.18,6.66,6.85,7.35,7.68,7.60,7.91,7.99,8.22,8.44,8.11,8.28,7.48,6.55,6.23,6.25,6.13,5.58,5.54,5.90,5.70,6.05,5.95,5.508730545,4.624415285
Sri Lanka,0.25,0.25,0.29,0.30,0.25,0.22,0.22,0.23,0.27,0.29,0.28,0.28,0.32,0.32,0.28,0.25,0.24,0.27,0.26,0.24,0.25,0.25,0.31,0.30,0.34,0.34,0.48,0.48,0.49,0.54,0.61,0.60,0.62,0.67,0.69,0.74,0.66,0.72,0.68,0.65,0.68,0.80,0.87,0.75,0.90,1.04,1.11,1.21,1.13,1.228234601,1.125672711
Sudan and South Sudan,0.25,0.24,0.25,0.32,0.29,0.22,0.21,0.21,0.18,0.18,0.21,0.19,0.19,0.19,0.17,0.19,0.18,0.14,0.19,0.17,0.22,0.19,0.17,0.12,0.17,0.16,0.15,0.18,0.15,0.17,0.18,0.19,0.22,0.22,0.24,0.28,0.33,0.35,0.36,0.37,0.38,0.36,0.38,0.35,0.37,0.42,0.46,0.43,0.42,0.423187135,0.349093765
Suriname,4.06,4.05,4.63,5.15,4.32,5.33,4.81,5.32,5.55,5.21,5.14,4.46,3.97,3.02,2.78,3.46,3.57,3.12,3.30,3.37,3.84,3.69,3.48,3.25,3.15,3.16,3.07,3.00,2.88,2.83,3.14,3.17,2.31,2.53,2.82,3.38,3.03,2.76,2.82,2.77,3.27,3.42,3.82,3.71,3.69,3.78,3.45,3.45,3.34,3.318900003,2.842295436
Sweden,11.92,10.97,10.96,11.22,10.32,10.49,11.28,10.81,10.13,10.45,9.55,8.65,7.92,7.24,7.16,7.62,7.79,7.53,7.27,6.89,6.78,6.78,7.04,6.96,7.19,7.13,7.73,7.04,7.15,7.01,6.58,6.56,6.70,6.76,6.56,6.19,6.09,5.79,5.53,5.10,5.70,5.20,4.84,4.60,4.55,4.52,4.57,4.48,4.30,4.444047167,4.178817429
Switzerland and Liechtenstein,6.72,6.98,7.03,7.56,6.76,6.37,6.64,6.73,6.94,6.74,6.87,6.48,6.11,6.72,6.60,7.05,7.00,6.72,6.69,6.61,6.74,7.01,6.93,6.51,6.31,6.38,6.41,6.21,6.39,6.41,6.27,6.44,6.18,6.31,6.34,6.37,6.25,5.93,6.04,5.79,5.94,5.34,5.44,5.50,5.01,4.84,4.87,4.74,4.55,4.616158202,4.071193163
Syria,1.00,0.97,0.90,0.83,1.09,1.23,1.37,1.45,1.44,1.78,1.61,1.74,1.99,2.28,2.46,2.15,2.17,2.67,2.54,2.38,2.65,2.82,2.72,2.72,2.78,2.81,2.94,2.85,2.95,2.82,2.79,2.74,2.68,2.64,2.69,3.21,3.29,3.33,3.31,3.02,3.03,2.80,2.38,1.59,1.42,1.38,1.36,1.45,1.38,1.416396999,1.351157599
Taiwan,2.46,2.42,2.67,2.91,2.80,2.97,3.46,3.65,4.07,4.23,4.57,4.14,4.04,4.24,4.28,4.18,4.78,4.98,5.70,6.10,6.14,6.52,6.86,7.27,7.63,7.99,8.37,8.96,9.41,9.73,10.58,10.85,11.14,11.53,11.87,12.13,12.39,12.60,12.04,11.42,12.01,12.02,11.56,11.77,11.86,11.76,11.98,12.40,12.27,11.94713721,11.77941058
Tajikistan,2.59,2.52,2.58,2.62,2.67,2.80,2.79,2.79,2.78,2.77,2.81,2.74,2.67,2.62,2.52,2.55,2.56,2.51,2.48,2.43,2.32,2.17,1.56,1.04,0.64,0.54,0.47,0.51,0.54,0.50,0.46,0.45,0.44,0.44,0.51,0.48,0.51,0.58,0.53,0.42,0.41,0.40,0.45,0.45,0.58,0.61,0.73,0.84,0.96,0.895041819,0.949519554
Tanzania,0.12,0.11,0.13,0.13,0.11,0.10,0.10,0.10,0.10,0.10,0.10,0.09,0.08,0.08,0.08,0.08,0.08,0.08,0.08,0.08,0.08,0.09,0.08,0.08,0.07,0.10,0.11,0.10,0.09,0.08,0.09,0.09,0.10,0.11,0.14,0.15,0.15,0.15,0.14,0.14,0.16,0.18,0.20,0.22,0.21,0.22,0.21,0.21,0.21,0.209462055,0.182691474
Thailand,0.49,0.48,0.53,0.58,0.56,0.56,0.63,0.68,0.73,0.76,0.79,0.76,0.72,0.79,0.85,0.93,0.94,1.07,1.20,1.38,1.65,1.80,1.96,2.19,2.43,2.73,3.04,3.06,2.67,2.76,2.76,2.87,3.02,3.13,3.38,3.48,3.51,3.58,3.60,3.48,3.68,3.66,3.92,4.07,4.02,4.06,4.03,3.99,3.96,3.883106831,3.680464038
The Gambia,0.19,0.18,0.18,0.18,0.18,0.19,0.18,0.18,0.17,0.19,0.20,0.18,0.16,0.16,0.16,0.16,0.15,0.22,0.19,0.17,0.15,0.18,0.15,0.16,0.18,0.16,0.16,0.17,0.18,0.18,0.25,0.27,0.26,0.26,0.26,0.25,0.26,0.26,0.26,0.27,0.28,0.27,0.26,0.25,0.26,0.26,0.26,0.26,0.27,0.259650656,0.225642646
Timor-Leste,0.17,0.17,0.18,0.20,0.25,0.21,0.20,0.22,0.22,0.26,0.27,0.30,0.26,0.27,0.22,0.24,0.20,0.22,0.22,0.20,0.20,0.19,0.19,0.18,0.19,0.18,0.18,0.19,0.27,0.38,0.42,0.30,0.27,0.25,0.50,0.32,1.10,1.33,1.47,1.49,1.34,1.31,1.47,1.69,1.17,1.11,0.85,0.91,0.80,0.763295378,0.733753129
Togo,0.17,0.17,0.19,0.16,0.15,0.17,0.14,0.19,0.20,0.21,0.19,0.18,0.20,0.14,0.15,0.14,0.19,0.20,0.19,0.19,0.20,0.18,0.14,0.10,0.18,0.18,0.26,0.19,0.23,0.28,0.25,0.22,0.23,0.27,0.25,0.23,0.21,0.20,0.26,0.43,0.39,0.35,0.32,0.33,0.33,0.33,0.35,0.35,0.38,0.377369421,0.33837685
Tonga,0.22,0.22,0.24,0.27,0.33,0.28,0.26,0.27,0.27,0.30,0.31,0.49,0.45,0.47,0.39,0.45,0.24,0.60,0.74,0.86,0.88,0.89,0.87,0.85,1.24,1.08,1.23,1.33,1.40,1.37,0.90,0.84,0.89,1.08,1.00,1.08,1.15,0.89,0.98,1.02,0.99,1.19,1.11,1.05,1.11,1.21,1.22,1.10,1.13,1.149327538,1.114879021
Trinidad and Tobago,6.71,6.60,6.63,6.80,6.53,5.83,6.65,7.31,7.61,7.50,7.99,8.35,9.29,9.67,9.95,9.94,9.83,10.02,10.64,10.55,10.37,10.49,10.73,10.13,10.89,10.76,11.72,11.98,13.56,14.07,14.82,16.91,18.36,20.55,21.81,26.41,28.70,30.40,29.84,28.40,30.57,30.24,28.19,27.46,27.91,26.70,23.22,23.92,23.16,24.15774259,21.97139534
Tunisia,0.84,0.82,0.91,0.89,0.96,0.96,1.00,1.10,1.19,1.37,1.48,1.49,1.40,1.58,1.60,1.61,1.62,1.60,1.67,1.76,1.79,1.80,1.88,1.91,1.89,1.90,1.93,1.96,2.02,2.10,2.19,2.25,2.21,2.17,2.28,2.32,2.38,2.43,2.46,2.43,2.64,2.48,2.63,2.60,2.72,2.73,2.61,2.61,2.58,2.605504517,2.401841444
Turkey,1.32,1.41,1.59,1.69,1.71,1.81,1.96,2.11,2.04,1.84,1.88,1.84,1.94,2.00,2.07,2.20,2.34,2.53,2.41,2.60,2.79,2.79,2.86,2.91,2.85,3.05,3.27,3.38,3.36,3.28,3.58,3.22,3.32,3.45,3.50,3.60,3.96,4.30,4.23,4.21,4.30,4.51,4.59,4.39,4.60,4.68,4.90,5.34,5.18,4.986062719,4.833301182
Turkmenistan,7.99,7.78,8.05,8.27,8.51,9.00,9.26,9.39,9.52,9.66,10.11,10.31,10.53,10.72,10.97,11.31,11.44,11.54,11.56,11.55,12.39,10.22,7.32,6.77,8.32,8.25,7.37,7.21,7.40,8.64,8.72,8.97,9.49,10.50,10.92,11.14,11.42,12.44,12.55,10.90,12.11,12.92,13.49,13.49,13.43,13.64,13.40,13.14,12.90,13.69403352,13.37090423
Turks and Caicos Islands,0.00,0.00,0.00,0.00,0.00,0.00,0.00,0.00,0.00,0.00,0.00,0.00,0.00,0.00,0.00,0.00,0.00,0.00,0.00,0.00,0.00,0.00,0.00,0.00,0.00,0.79,0.77,0.70,0.72,0.71,2.92,2.89,3.36,3.44,3.37,3.61,3.83,4.24,4.36,4.72,4.93,5.28,5.53,5.86,5.98,5.91,5.82,6.56,6.28,6.042183641,5.156744043
Uganda,0.06,0.05,0.05,0.05,0.05,0.05,0.05,0.05,0.04,0.05,0.05,0.03,0.03,0.03,0.03,0.03,0.03,0.04,0.05,0.04,0.04,0.05,0.04,0.04,0.04,0.04,0.05,0.05,0.05,0.05,0.07,0.07,0.07,0.07,0.07,0.08,0.09,0.11,0.11,0.11,0.12,0.12,0.11,0.12,0.13,0.13,0.13,0.13,0.14,0.135723492,0.113413075
Ukraine,10.74,10.65,11.12,11.96,12.53,12.40,13.70,13.56,15.44,15.57,15.88,14.82,15.03,15.30,15.40,15.34,16.00,16.91,16.90,16.88,15.22,14.34,12.60,11.02,9.15,9.06,7.78,7.54,7.26,7.31,7.32,7.37,7.44,8.18,7.73,7.53,7.60,7.80,7.52,6.27,6.75,7.15,7.01,6.79,5.89,4.94,4.97,4.50,4.71,4.49356233,4.343922185
United Arab Emirates,82.54,91.12,83.30,90.15,76.31,66.10,70.39,61.27,61.69,39.76,39.45,33.95,32.01,29.38,37.94,37.26,34.15,33.39,30.82,32.45,30.61,32.87,29.98,29.88,31.19,31.64,31.49,31.27,30.52,29.86,28.06,30.42,29.51,29.08,28.14,26.74,24.27,22.70,23.83,21.58,20.80,20.34,20.89,21.73,21.81,22.74,23.20,23.46,22.46,21.98177694,20.70038932
United Kingdom,12.16,11.99,11.72,12.27,11.48,11.11,11.20,11.38,11.37,12.00,10.92,10.57,10.32,10.16,9.84,10.30,10.51,10.59,10.58,10.29,10.28,10.40,10.13,9.83,9.72,9.55,9.83,9.39,9.40,9.30,9.36,9.56,9.26,9.47,9.42,9.32,9.26,8.99,8.64,7.75,7.93,7.25,7.56,7.31,6.68,6.41,6.04,5.80,5.65,5.36774754,4.659278994
United States,22.39,21.55,22.52,23.20,22.23,21.05,22.19,22.72,22.46,22.42,21.23,20.73,19.49,19.22,19.92,19.84,19.49,19.95,20.66,20.69,20.07,19.71,19.84,20.10,20.21,20.18,20.49,21.24,21.16,20.95,21.29,20.91,20.14,20.20,20.31,20.16,19.63,19.74,18.94,17.40,18.05,17.21,16.39,16.71,16.65,16.19,15.76,15.43,15.79,15.30280211,13.68397578
Uruguay,1.94,1.92,2.09,1.97,1.91,2.02,2.07,2.03,2.06,2.22,1.97,1.77,1.63,1.29,1.16,1.08,1.05,1.18,1.49,1.59,1.26,1.42,1.54,1.45,1.36,1.47,1.71,1.72,1.77,2.07,1.65,1.52,1.40,1.39,1.73,1.66,1.94,1.79,2.34,2.39,1.90,2.28,2.59,2.24,1.96,1.99,1.96,1.83,1.94,1.937746604,1.682171438
Uzbekistan,4.14,4.05,4.16,4.29,4.43,4.79,4.74,4.80,4.83,4.87,5.06,5.15,5.23,5.26,5.31,5.42,5.50,5.56,5.57,5.52,6.02,6.04,5.53,5.41,5.08,4.46,4.43,4.43,4.96,4.89,4.92,4.89,5.01,4.72,4.68,4.33,4.51,4.39,4.54,4.00,3.88,4.14,4.21,3.78,3.73,3.29,2.91,2.85,2.83,2.766763453,2.719171885
Vanuatu,0.91,0.88,0.94,1.06,1.27,1.03,0.95,0.98,0.93,1.03,1.03,0.96,0.86,0.87,0.72,0.92,0.72,0.70,0.89,0.72,0.71,0.58,0.31,0.30,0.31,0.29,0.29,0.29,0.30,0.29,0.43,0.48,0.44,0.50,0.40,0.40,0.34,0.49,0.48,0.52,0.55,0.79,0.59,0.55,0.60,0.58,0.55,0.60,0.61,0.613213636,0.588526507
Venezuela,4.95,4.69,4.63,5.14,4.92,4.56,4.74,4.77,4.98,5.50,5.86,5.77,5.66,5.45,5.36,5.25,5.16,5.02,4.96,5.15,5.17,4.99,4.99,5.20,5.10,5.41,5.66,5.80,5.76,5.21,5.43,5.61,5.40,5.31,5.50,5.73,5.51,5.33,6.32,6.26,6.52,5.62,6.51,6.10,6.02,5.53,5.02,4.37,4.06,3.318593914,2.681504667
Vietnam,0.27,0.26,0.27,0.27,0.17,0.16,0.07,0.07,0.29,0.29,0.30,0.30,0.32,0.33,0.33,0.32,0.35,0.38,0.36,0.30,0.30,0.30,0.30,0.35,0.40,0.46,0.51,0.58,0.64,0.64,0.70,0.77,0.89,0.94,1.10,1.19,1.21,1.33,1.45,1.60,1.77,1.75,1.73,1.78,1.93,2.34,2.49,2.47,2.85,3.368396605,3.272924348
Western Sahara,1.13,1.14,1.17,1.25,1.34,1.33,1.17,1.02,0.84,0.82,0.81,0.70,0.69,0.69,0.65,0.71,0.71,0.89,0.81,0.72,0.69,0.81,0.69,0.63,0.61,0.69,0.68,0.69,0.67,0.67,0.81,0.77,0.71,0.68,0.63,0.59,0.57,0.55,0.55,0.54,0.53,0.49,0.48,0.47,0.45,0.45,0.45,0.39,0.40,0.399694993,0.322088027
Yemen,0.26,0.26,0.30,0.36,0.35,0.33,0.39,0.38,0.40,0.42,0.51,0.49,0.52,0.55,0.55,0.56,0.57,0.60,0.62,0.61,0.59,0.70,0.72,0.62,0.68,0.73,0.72,0.75,0.77,0.85,0.88,0.91,0.89,1.00,1.02,1.07,1.08,1.12,1.13,1.20,1.11,0.95,0.88,1.12,1.08,0.54,0.42,0.39,0.35,0.359809434,0.341159858
Zambia,0.876924305,0.883729048,0.944604079,0.979639378,0.953011491,0.954630236,0.921894342,0.805787129,0.742266598,0.651144478,0.628324701,0.55759817,0.522480837,0.492851033,0.468633272,0.454594739,0.453652911,0.433967933,0.457149268,0.457944123,0.370432302,0.375163814,0.362978808,0.315365396,0.263025203,0.253912262,0.208088021,0.262633765,0.233686498,0.18678062,0.184895103,0.18181823,0.18601759,0.195437536,0.196176878,0.204249259,0.192349158,0.13715173,0.143720016,0.152165827,0.164665529,0.182820398,0.247024538,0.254447443,0.269366791,0.279419165,0.298444771,0.427033241,0.474112292,0.44828552,0.403503322
Zimbabwe,1.80,1.73,1.60,1.81,1.72,1.46,1.57,1.37,1.31,1.30,1.35,1.25,1.15,1.10,1.11,1.24,1.37,1.68,1.58,1.55,1.69,1.81,1.78,1.60,1.48,1.43,1.35,1.25,1.25,1.38,1.19,1.19,1.06,0.86,0.81,0.88,0.81,0.78,0.59,0.58,0.73,0.84,0.86,0.85,0.82,0.81,0.71,0.66,0.77,0.70,0.65
,,,,,,,,,,,,,,,,,,,,,,,,,,,,,,,,,,,,,,,,,,,,,,,,,,,
EU27,9.15,9.12,9.43,9.85,9.65,9.37,9.96,9.87,10.17,10.49,10.24,9.78,9.50,9.42,9.46,9.47,9.46,9.53,9.48,9.47,9.09,8.93,8.57,8.39,8.34,8.46,8.67,8.51,8.48,8.32,8.35,8.45,8.40,8.60,8.58,8.50,8.51,8.40,8.19,7.54,7.77,7.53,7.37,7.19,6.87,6.99,7.01,7.06,6.93,6.61,5.91
GLOBAL TOTAL,4.279212629,4.181648449,4.308022737,4.473825704,4.375051455,4.28271319,4.439385683,4.492474097,4.567361122,4.614145738,4.48031797,4.322367867,4.193754661,4.147011949,4.200665172,4.179339872,4.175337142,4.229044252,4.302210994,4.299945886,4.265465874,4.220934769,4.143774307,4.099288632,4.082073806,4.138877473,4.158893626,4.179667358,4.147653582,4.123402744,4.20891224,4.208064186,4.213128016,4.359208259,4.505523993,4.614719866,4.713512691,4.83537301,4.807784478,4.699412932,4.915728967,4.999341755,5.01259158,5.017989283,4.986947614,4.931963942,4.887255588,4.895702984,4.94517087,4.918163079,4.617049007