Country,1970,1971,1972,1973,1974,1975,1976,1977,1978,1979,1980,1981,1982,1983,1984,1985,1986,1987,1988,1989,1990,1991,1992,1993,1994,1995,1996,1997,1998,1999,2000,2001,2002,2003,2004,2005,2006,2007,2008,2009,2010,2011,2012,2013,2014,2015,2016,2017,2018
,,,,,,,,,,,,,,,,,,,,,,,,,,,,,,,,,,,,,,,,,,,,,,,,,
,,,,,,,,,,,,,,,,,,,,,,,,,,,,,,,,,,,,,,,,,,,,,,,,,
Afghanistan,16.27,16.21,14.32,14.90,16.18,16.86,16.85,17.02,16.56,16.42,16.40,16.61,16.49,16.52,15.47,15.47,12.53,12.97,13.55,12.86,12.96,13.03,12.18,12.29,12.33,12.83,13.99,14.98,15.82,16.83,14.90,13.53,15.67,16.45,16.55,16.87,17.13,18.27,21.41,23.90,27.66,32.94,30.54,28.64,28.46,28.28,26.86,29.32647803,29.3056755
Albania,7.94,7.89,8.78,8.27,8.57,8.76,9.37,9.93,10.93,12.08,12.28,11.32,11.88,12.68,13.05,12.61,12.83,13.10,13.02,12.90,11.16,8.69,5.93,5.95,6.63,6.27,6.03,5.30,5.57,6.80,7.00,7.19,7.81,7.99,8.22,7.83,7.86,7.81,7.60,7.60,7.90,8.30,8.00,8.25,8.73,8.57,8.36,8.966453425,8.972609628
Algeria,51.54,55.36,75.51,88.35,79.13,76.00,90.12,97.89,107.01,110.21,106.13,101.00,104.58,110.03,115.01,126.36,131.29,130.46,131.28,134.96,135.54,138.91,147.98,152.67,149.46,158.39,159.42,154.09,153.53,159.83,167.55,157.93,159.21,172.34,169.98,177.66,185.64,185.29,193.11,190.89,196.90,203.16,219.38,222.50,236.76,247.27,249.24,252.1311762,262.4497912
Angola,18.99,18.85,21.43,22.98,23.65,22.52,18.60,23.30,25.45,25.97,26.44,25.07,24.61,26.37,27.32,28.73,30.12,31.99,34.36,34.55,31.27,31.41,30.67,33.88,43.12,49.54,59.18,61.91,66.29,67.28,63.11,61.09,60.27,60.69,65.83,64.89,59.23,58.70,62.73,64.01,71.02,70.19,70.63,75.19,77.53,81.94,81.76,76.32910084,74.92313901
Anguilla,0.00,0.00,0.00,0.00,0.00,0.00,0.00,0.00,0.00,0.00,0.01,0.01,0.01,0.01,0.01,0.01,0.00,0.01,0.01,0.01,0.01,0.01,0.01,0.01,0.02,0.02,0.02,0.02,0.02,0.01,0.02,0.02,0.01,0.02,0.02,0.02,0.02,0.02,0.02,0.02,0.03,0.03,0.03,0.03,0.03,0.03,0.03,0.033376925,0.032537305
Antigua and Barbuda,0.34,0.34,0.38,0.42,0.35,0.43,0.39,0.43,0.45,0.43,0.43,0.40,0.50,0.33,0.40,0.39,0.41,0.53,0.51,0.48,0.49,0.51,0.52,0.48,0.51,0.53,0.54,0.53,0.52,0.53,0.51,0.51,0.51,0.57,0.59,0.58,0.58,0.59,0.60,0.67,0.65,0.71,0.77,0.82,0.81,0.81,0.80,0.639943249,0.62341644
Argentina,216.18,219.48,225.11,233.99,234.37,234.39,243.08,252.46,248.45,253.43,249.14,244.41,240.34,245.34,246.55,239.63,250.07,253.34,264.88,263.91,263.61,266.94,270.35,267.79,279.22,284.67,290.55,298.63,302.59,312.65,312.57,306.82,306.28,332.30,353.03,358.19,374.26,381.82,389.93,368.27,369.93,376.08,384.08,385.92,395.42,401.77,405.62,401.1038951,397.3061361
Armenia,13.25,13.39,14.27,15.39,16.53,17.97,18.50,19.13,19.79,20.50,21.64,22.01,22.54,22.67,22.81,23.08,23.25,23.54,23.75,23.45,24.10,24.70,13.81,7.56,5.25,5.92,5.00,5.75,5.78,5.43,5.92,6.03,5.60,6.06,6.53,7.31,7.33,8.02,8.54,7.27,7.04,7.69,8.60,8.47,8.51,8.08,8.25,8.515080465,8.68045986
Aruba,0.09,0.09,0.10,0.11,0.09,0.11,0.10,0.11,0.11,0.11,0.11,0.11,0.10,0.11,0.12,0.12,0.12,0.13,0.43,0.53,0.55,0.63,0.71,0.66,0.72,0.80,0.54,0.81,0.79,0.81,0.94,0.96,0.93,1.10,1.17,1.21,1.15,1.15,1.08,1.16,1.07,0.93,1.22,1.24,1.22,1.22,1.16,0.94600497,0.919796867
Australia,305.90,311.80,323.07,329.94,344.80,354.53,357.66,363.81,354.77,358.89,366.48,368.34,374.67,360.83,371.01,387.00,390.85,401.80,410.90,433.38,447.63,449.90,451.50,454.25,459.20,467.45,482.78,494.61,517.87,524.35,534.37,543.25,552.41,543.42,563.98,569.91,573.68,582.06,580.78,590.26,585.47,590.05,590.53,582.00,572.93,580.13,579.44,585.758927,581.9675534
Austria,71.72,74.54,76.92,80.65,78.31,75.89,81.30,78.76,80.91,83.67,81.80,78.27,76.04,75.93,78.05,79.30,77.79,78.03,76.88,76.26,81.54,85.63,80.00,80.11,80.58,83.63,87.61,87.02,87.22,85.14,85.50,90.48,92.13,97.81,97.58,98.25,95.77,92.61,91.85,84.82,91.20,89.60,86.47,87.39,84.03,84.95,85.19,87.87636999,85.39052924
Azerbaijan,40.83,41.18,43.86,47.09,50.34,55.12,57.39,59.85,62.55,65.22,68.63,70.65,72.28,74.48,76.53,78.01,81.18,83.97,85.14,85.68,68.76,66.49,55.93,49.63,44.71,43.49,38.19,37.67,38.01,38.71,40.55,39.66,39.49,42.54,42.55,45.54,46.95,48.13,53.55,47.38,46.56,49.41,52.86,54.24,56.17,55.95,56.14,55.60026747,56.13048753
Bahamas,3.37,3.41,3.91,4.21,3.49,4.11,3.61,4.00,4.16,3.99,3.96,3.93,3.31,2.64,2.67,2.33,2.48,2.96,2.70,2.89,3.00,2.83,2.47,2.39,2.62,3.05,3.44,3.21,3.53,3.21,3.47,3.53,3.45,2.66,2.96,2.77,3.07,3.43,3.34,2.82,3.02,2.94,3.56,3.55,3.40,3.19,3.24,2.668720149,2.604868773
Bahrain,15.68,15.71,15.41,16.95,18.27,16.52,17.35,19.91,19.83,20.61,20.55,20.76,20.67,20.53,20.61,21.72,23.83,23.10,24.07,24.23,27.96,26.67,30.77,32.89,32.94,32.79,34.04,32.12,33.66,35.43,36.02,37.08,36.89,36.79,36.74,40.51,42.39,43.54,46.91,47.40,48.04,48.37,51.13,56.10,57.92,58.31,58.41,58.35463897,59.24405535
Bangladesh,119.13,113.13,115.17,116.41,115.47,120.56,117.95,119.58,123.02,125.03,118.86,119.41,121.37,116.37,119.05,121.63,124.46,123.79,125.01,128.65,129.17,127.76,129.42,129.12,131.31,136.66,137.71,139.06,138.47,144.56,147.39,153.48,157.62,161.00,162.82,168.69,174.15,179.16,189.70,194.63,203.76,207.74,212.60,216.23,222.52,235.21,237.70,248.6245375,256.8978379
Barbados,0.91,0.92,1.02,1.11,0.95,1.13,1.03,1.12,1.16,1.11,1.11,1.15,1.13,1.21,1.33,1.45,1.61,1.62,1.49,1.54,1.56,1.61,1.64,1.49,1.42,1.44,1.34,1.55,1.59,1.66,1.73,1.72,1.66,1.75,1.78,1.76,1.70,1.61,1.83,1.86,1.82,2.05,2.03,2.17,1.87,1.92,1.90,1.595421356,1.556709935
Belarus,94.74,95.95,101.87,108.51,112.53,122.17,122.59,126.79,128.53,133.69,134.35,138.73,137.57,138.52,137.32,137.38,138.03,137.53,136.11,132.76,140.02,134.85,122.89,108.22,93.89,85.21,85.60,85.83,83.91,81.13,78.17,76.92,76.99,77.62,81.68,82.15,84.94,83.53,90.20,87.28,92.25,104.66,106.40,105.82,105.99,101.13,101.25,101.5521446,104.0782121
Belgium,168.31,158.63,170.24,176.15,176.89,157.21,166.79,165.84,170.42,179.97,169.57,157.95,149.49,140.30,144.39,141.86,141.70,140.84,141.50,142.35,143.87,147.91,145.93,144.15,150.41,152.48,157.52,153.93,157.53,153.63,156.18,156.62,149.04,153.66,153.59,149.27,146.93,143.58,145.59,137.03,146.23,135.81,133.67,135.02,128.34,133.31,132.09,129.971424,130.5639779
Belize,0.35,0.37,0.40,0.42,0.40,0.45,0.43,0.45,0.46,0.45,0.45,0.45,0.43,0.43,0.47,0.47,0.53,0.50,0.44,0.53,0.62,0.68,0.64,0.60,0.59,0.60,0.56,0.72,0.71,0.75,0.74,0.78,0.74,0.79,0.77,0.79,0.86,0.84,0.82,0.92,0.97,0.95,1.01,1.11,1.04,1.12,1.13,1.034876723,1.028475996
Benin,2.36,2.45,2.66,2.80,2.78,2.97,2.85,2.97,3.08,3.20,3.35,3.36,3.51,3.65,3.77,4.00,3.74,3.72,3.70,3.68,3.87,3.97,4.10,4.16,4.47,4.27,5.23,5.60,5.58,5.92,6.17,6.70,7.18,7.55,7.90,8.31,9.60,10.35,10.50,11.03,11.90,12.01,11.98,12.73,13.18,13.76,15.53,15.94929917,17.18261828
Bermuda,0.46,0.46,0.52,0.56,0.48,0.58,0.53,0.57,0.60,0.57,0.56,0.50,0.51,0.55,0.60,0.57,0.57,0.84,0.89,1.00,0.76,0.69,0.56,0.60,0.58,0.59,0.61,0.59,0.58,0.59,0.59,0.58,0.58,0.61,0.65,0.66,0.71,0.79,0.74,0.67,0.79,0.57,0.64,0.67,0.82,0.69,0.83,0.692001322,0.673927705
Bhutan,0.69,0.70,0.71,0.73,0.75,0.75,0.77,0.78,0.81,0.82,0.84,0.85,0.88,0.91,0.93,0.97,1.00,1.07,1.00,1.00,1.07,1.09,1.07,1.03,1.07,1.32,1.38,1.40,1.40,1.47,1.41,1.40,1.46,1.43,1.39,1.65,1.65,1.57,1.62,1.88,2.02,2.24,2.22,2.18,2.18,2.30,2.36,2.253149884,2.393322655
Bolivia,24.34,25.38,29.69,31.14,31.05,30.25,31.56,29.74,30.92,29.31,28.80,27.07,28.08,29.03,27.57,27.76,25.62,26.68,27.45,29.00,28.66,30.05,31.60,33.24,35.42,29.08,28.39,31.90,29.31,29.18,30.33,28.34,29.77,31.62,33.21,34.76,36.05,37.77,39.61,40.79,43.57,45.78,48.99,50.61,52.06,52.36,54.60,56.48116011,57.81947658
Bosnia and Herzegovina,19.96,20.06,18.99,20.47,21.98,22.64,21.08,22.54,22.12,21.84,21.59,24.31,26.59,28.29,28.11,28.97,29.19,28.16,27.50,27.88,31.49,28.52,21.71,18.52,6.15,6.17,6.90,12.02,15.15,15.66,19.41,18.89,20.03,20.32,21.90,22.61,24.72,26.02,27.34,27.12,27.60,30.81,28.74,28.56,26.81,26.73,29.67,30.23939743,30.66901026
Botswana,3.48,3.60,4.10,4.26,4.65,5.12,6.12,6.63,6.25,6.34,6.58,6.94,7.00,6.70,6.48,6.27,6.44,6.49,7.30,7.86,8.72,7.87,8.12,7.71,8.01,8.99,8.13,8.40,9.21,9.79,9.99,9.67,9.07,8.92,9.04,9.58,9.44,9.62,9.88,9.93,9.57,9.97,10.67,10.86,11.76,12.13,11.67,11.86707127,12.90264468
Brazil,352.77,360.78,383.43,409.03,436.27,455.93,495.56,513.45,526.76,549.21,577.21,565.50,570.72,561.24,583.47,598.04,633.31,649.77,661.79,673.26,676.11,700.45,722.05,747.63,779.02,814.77,823.33,853.03,865.77,881.72,920.32,935.87,959.19,997.78,1042.76,1051.93,1059.19,1074.00,1105.24,1080.31,1157.99,1194.47,1228.45,1268.48,1306.35,1289.12,1267.35,1278.585391,1259.512091
British Virgin Islands,0.03,0.03,0.03,0.04,0.03,0.04,0.03,0.04,0.04,0.04,0.04,0.05,0.05,0.05,0.04,0.04,0.03,0.06,0.06,0.06,0.06,0.06,0.06,0.06,0.06,0.06,0.07,0.07,0.06,0.07,0.10,0.10,0.10,0.11,0.12,0.12,0.12,0.13,0.13,0.15,0.16,0.18,0.19,0.20,0.20,0.20,0.19,0.192454969,0.187400525
Brunei,3.04,2.89,3.56,4.75,5.30,5.70,6.91,7.27,7.27,7.15,8.38,7.01,7.25,7.55,7.11,7.03,6.92,7.02,7.10,7.11,7.43,7.80,7.89,8.27,8.69,9.22,9.48,10.13,9.33,9.61,10.30,10.72,10.22,11.47,10.72,10.53,13.91,13.30,15.33,14.16,13.11,13.59,13.43,12.99,12.63,11.83,12.19,12.78929249,12.79991531
Bulgaria,89.82,90.44,93.38,94.55,95.55,102.04,102.78,105.73,111.91,115.86,119.27,115.62,117.86,116.60,114.53,116.27,117.38,117.47,116.80,114.96,102.86,88.22,83.55,82.66,77.54,76.03,76.59,75.12,70.86,63.58,61.57,63.41,60.08,66.06,64.24,65.31,66.30,70.37,67.23,58.97,61.33,66.86,62.01,56.64,59.83,62.50,60.06,62.77753524,59.65369038
Burkina Faso,6.23,6.25,5.93,5.65,5.77,5.94,6.10,6.22,6.44,6.72,6.94,7.21,7.42,7.64,7.90,8.80,9.12,9.49,9.78,9.95,10.27,10.77,10.95,11.20,11.69,12.05,12.40,13.14,13.41,13.10,13.52,14.52,14.75,18.00,18.46,19.32,19.78,20.72,21.78,22.18,22.95,23.57,24.53,25.49,25.71,27.11,27.33,28.52597476,29.17144267
Burundi,2.15,2.15,2.23,2.30,2.30,2.39,2.41,2.43,2.44,2.50,2.28,2.09,2.11,2.15,2.20,2.18,2.38,2.41,2.54,2.55,2.81,2.91,2.87,2.87,2.88,2.99,3.05,3.10,3.06,2.72,2.79,3.10,3.06,3.11,3.27,3.36,3.56,3.85,3.86,4.10,4.39,4.65,4.29,5.02,4.97,5.16,5.59,6.007487239,6.131456147
Cabo Verde,0.24,0.24,0.24,0.24,0.25,0.26,0.26,0.27,0.27,0.29,0.31,0.30,0.19,0.18,0.20,0.21,0.15,0.17,0.20,0.21,0.22,0.24,0.27,0.27,0.27,0.30,0.28,0.31,0.33,0.34,0.55,0.61,0.64,0.63,0.68,0.93,0.97,1.04,1.06,1.02,1.08,1.13,1.01,0.99,1.04,1.05,1.10,1.093121714,1.138447133
Cambodia,24.16,20.20,16.59,12.36,10.27,11.52,11.01,10.55,10.26,8.50,12.75,12.28,14.72,15.08,11.66,14.81,15.42,14.86,17.68,18.26,18.25,17.64,17.97,18.84,17.12,21.55,21.47,22.05,22.30,22.95,22.37,22.72,23.38,25.22,24.18,26.52,27.72,28.72,29.50,31.99,32.55,33.93,33.69,33.71,34.53,36.23,38.65,41.02678908,41.49558094
Cameroon,7.20,7.55,7.44,7.47,7.65,8.29,8.55,9.54,10.51,12.46,15.19,17.38,18.44,21.01,22.94,27.07,27.97,27.49,25.20,27.46,28.20,27.48,26.63,26.34,25.71,26.25,27.33,27.30,27.87,28.76,30.15,30.09,29.40,29.97,30.06,30.12,29.67,30.56,30.23,30.98,30.80,30.46,31.22,33.24,35.18,38.29,39.20,38.14853985,39.43564118
Canada,448.17,458.07,481.60,506.78,515.14,503.82,516.28,532.45,537.32,557.41,562.23,542.52,518.63,516.82,540.51,541.59,526.74,539.66,573.05,593.23,589.90,584.77,599.13,603.33,626.79,643.60,662.27,679.04,681.87,693.11,716.66,706.61,715.87,733.38,728.54,738.41,732.40,767.38,740.68,702.04,717.24,732.45,734.00,748.07,759.69,763.31,753.95,752.9443236,762.1391668
Cayman Islands,0.08,0.08,0.09,0.10,0.08,0.10,0.09,0.10,0.11,0.10,0.10,0.11,0.11,0.11,0.12,0.12,0.12,0.14,0.30,0.29,0.30,0.31,0.32,0.28,0.32,0.34,0.34,0.33,0.32,0.33,0.43,0.43,0.42,0.46,0.44,0.44,0.43,0.50,0.51,0.52,0.54,0.62,0.62,0.65,0.64,0.66,0.63,0.557080139,0.542204541
Central African Republic,1.68,1.75,1.84,1.90,2.02,2.06,2.14,2.32,2.53,3.11,3.32,3.44,3.64,4.02,3.93,4.05,4.25,4.33,4.44,4.60,4.77,5.19,5.25,5.35,5.57,5.78,5.96,6.18,6.39,6.54,6.84,7.02,7.18,7.32,7.47,7.66,7.91,8.55,8.56,8.78,8.98,9.64,9.76,9.82,9.89,10.10,10.52,10.70168762,10.84105701
Chad,8.54,8.67,9.21,8.37,6.95,7.20,7.50,8.03,8.39,8.64,8.83,8.95,9.10,9.08,7.53,7.64,8.09,8.53,8.87,9.30,10.00,16.49,17.18,17.76,18.71,19.63,20.43,21.45,22.42,23.41,24.59,25.99,27.46,29.40,31.94,33.79,35.40,37.19,39.01,41.03,43.36,45.47,48.10,50.95,53.79,58.67,61.91,65.45715169,67.91884385
Chile,48.54,50.78,53.11,52.39,50.73,47.86,48.15,46.34,46.86,49.36,51.47,50.82,47.19,47.20,48.39,46.43,46.38,46.93,51.49,57.03,56.94,55.53,57.82,60.28,64.03,69.01,76.10,82.91,83.44,86.85,84.08,82.50,83.00,85.16,90.72,91.52,92.71,101.04,105.23,101.69,103.59,113.63,117.29,118.93,112.05,117.06,122.39,124.4475958,125.6169235
China,2015.17,2062.45,2140.02,2185.46,2207.22,2396.32,2457.30,2633.55,2825.94,2871.20,2843.82,2816.95,2900.28,3013.87,3200.58,3209.87,3349.95,3536.39,3729.54,3846.18,3920.19,4059.05,4185.67,4396.01,4602.06,5024.41,5022.55,5049.73,5141.69,5103.42,5343.25,5542.41,5882.13,6622.21,7509.29,8369.77,9181.49,9806.47,10008.67,10666.74,11534.94,12533.67,12903.58,13222.85,13279.51,13204.63,13174.85,13385.48782,13739.79109
Colombia,82.86,85.56,87.67,89.75,92.65,96.90,100.67,103.21,107.22,107.86,108.84,110.44,112.66,113.65,113.52,115.59,118.09,122.48,124.70,128.54,131.28,132.48,136.17,140.41,141.78,146.39,146.53,153.37,156.07,144.45,149.38,150.53,149.48,150.16,150.99,155.31,155.75,159.74,161.39,166.52,170.93,174.28,172.14,182.10,183.75,185.07,195.44,187.2500838,194.2418078
Comoros,0.22,0.23,0.23,0.23,0.24,0.25,0.25,0.26,0.27,0.27,0.28,0.27,0.27,0.27,0.27,0.27,0.26,0.29,0.29,0.30,0.31,0.32,0.32,0.33,0.33,0.34,0.35,0.36,0.38,0.39,0.43,0.45,0.45,0.48,0.50,0.50,0.54,0.48,0.50,0.53,0.57,0.56,0.58,0.62,0.60,0.63,0.67,0.758876273,0.781915391
Congo,2.47,2.76,2.94,11.27,15.55,10.14,10.11,4.68,4.22,4.34,5.21,6.16,6.76,6.83,8.08,8.10,8.03,8.27,9.07,9.86,9.90,9.84,9.83,9.88,9.06,11.12,13.98,14.82,17.60,17.98,19.17,18.32,12.29,13.76,14.81,17.99,19.83,17.12,17.05,18.62,20.26,19.47,18.76,18.41,18.80,18.74,18.54,20.00195888,21.02332494
Cook Islands,0.03,0.03,0.03,0.03,0.04,0.03,0.04,0.04,0.04,0.04,0.04,0.08,0.07,0.07,0.06,0.07,0.05,0.05,0.05,0.05,0.05,0.04,0.05,0.05,0.06,0.05,0.05,0.06,0.06,0.06,0.06,0.06,0.04,0.03,0.05,0.08,0.08,0.06,0.07,0.06,0.07,0.10,0.10,0.10,0.10,0.10,0.10,0.065017383,0.066551928
Costa Rica,5.73,5.88,6.22,6.83,6.84,7.15,7.28,8.01,8.41,8.62,8.41,8.53,8.21,8.47,8.70,8.61,8.71,8.89,9.00,9.34,9.55,9.85,11.04,11.07,11.48,11.01,10.94,10.93,11.50,11.20,10.94,11.12,11.14,11.60,11.86,11.86,12.38,13.44,13.60,13.44,13.56,14.17,13.88,14.18,14.52,14.27,15.02,15.32571823,15.39124575
Côte d’Ivoire,6.30,6.42,6.84,7.03,7.26,7.79,8.47,8.66,9.45,9.34,9.24,9.26,9.40,10.79,10.73,10.64,10.67,10.64,10.67,10.32,10.27,10.63,10.85,11.09,11.87,12.50,13.94,15.44,15.20,17.35,17.31,17.49,18.39,16.93,17.80,18.75,18.98,19.13,20.04,19.54,20.88,21.52,24.15,25.27,26.40,27.37,28.61,29.2693232,29.37550571
Croatia,29.28,29.08,29.47,32.31,33.63,33.54,33.59,34.14,35.18,37.95,35.31,34.60,35.07,37.01,35.95,36.79,38.95,36.56,38.86,39.10,34.40,26.50,24.08,24.25,23.40,23.92,24.00,25.98,26.19,26.47,26.16,27.28,28.23,29.84,30.66,30.86,31.67,33.60,32.23,29.77,29.14,28.71,26.82,26.50,25.72,26.38,26.72,27.06853909,25.70682741
Cuba,46.01,44.47,43.53,46.00,47.92,48.61,50.39,52.84,55.63,56.58,56.94,57.49,56.78,59.01,61.85,59.23,60.02,62.84,64.53,66.18,62.29,52.97,46.35,42.14,43.43,44.24,47.28,49.63,47.85,48.94,49.45,47.89,46.53,45.66,44.71,44.79,46.21,47.29,46.83,47.97,50.57,49.27,49.62,48.36,47.97,47.95,48.96,46.93858997,46.21347342
Curaçao,15.02,15.02,14.60,16.15,14.62,10.55,11.22,11.36,9.64,9.54,9.05,8.39,7.61,7.14,6.97,4.68,4.47,4.14,3.63,3.13,2.83,2.93,3.06,2.54,2.85,2.85,2.88,5.51,5.69,5.64,5.86,5.91,5.64,5.66,5.91,6.23,6.13,6.65,6.58,6.17,4.57,5.73,4.67,4.51,4.84,4.90,4.35,3.934825617,3.400692949
Cyprus,2.91,2.95,3.45,3.57,2.83,2.77,3.20,3.38,3.52,3.71,3.90,3.77,3.87,3.87,3.95,3.91,4.27,4.87,4.94,5.19,5.29,5.87,6.21,6.41,6.63,6.54,6.87,6.94,7.43,7.69,8.02,7.95,8.17,8.93,8.84,9.01,9.05,9.41,9.60,9.36,9.39,9.08,8.49,7.87,8.26,8.24,8.66,8.829112758,8.602951017
Czechia,219.00,219.87,219.82,217.99,201.78,209.43,214.95,226.41,220.03,230.64,222.74,223.27,224.63,225.51,228.57,225.63,224.36,224.81,220.62,211.99,194.00,174.81,166.71,162.59,155.51,155.58,157.87,154.29,147.79,140.12,152.53,153.34,147.77,152.18,153.61,149.25,150.55,153.36,148.07,145.87,143.13,140.97,136.64,131.95,129.72,131.23,132.22,133.1661212,131.4143325
Democratic Republic of the Congo,12.12,12.40,12.70,12.95,13.34,13.54,17.52,17.49,16.99,18.00,17.83,18.36,18.31,19.81,21.00,21.46,21.48,22.27,22.65,22.71,23.13,21.52,21.56,21.56,22.81,23.05,23.43,23.44,23.32,22.87,23.41,23.43,23.74,24.70,25.15,25.94,26.53,27.84,28.43,28.63,29.35,30.57,37.85,41.32,45.18,44.54,44.56,47.33934665,47.57254279
Denmark,80.91,76.43,78.00,77.55,72.35,73.97,78.21,81.80,81.71,84.79,85.42,73.10,76.17,74.25,73.14,80.74,81.88,79.43,75.00,69.97,70.39,81.04,74.97,77.56,81.57,78.58,92.02,82.21,77.95,74.90,71.04,72.52,71.81,77.33,71.20,67.62,74.73,70.03,66.44,64.02,64.34,59.11,54.05,55.61,51.92,49.41,51.54,49.24744967,49.16680552
Djibouti,1.07,1.08,1.08,1.11,1.18,1.26,1.28,1.36,1.36,1.48,1.62,1.32,1.28,1.13,1.05,1.10,1.11,1.30,1.29,2.03,2.01,2.28,2.14,2.15,2.21,2.29,2.34,2.44,2.48,2.58,1.90,1.91,1.92,1.99,1.97,1.93,1.88,1.92,2.03,1.90,1.99,1.76,1.98,2.07,2.09,2.02,2.01,2.211801519,2.257532325
Dominica,0.05,0.05,0.05,0.06,0.05,0.06,0.06,0.06,0.06,0.06,0.07,0.08,0.08,0.08,0.09,0.09,0.09,0.11,0.11,0.11,0.11,0.11,0.11,0.13,0.15,0.16,0.17,0.17,0.14,0.17,0.17,0.18,0.16,0.19,0.21,0.20,0.19,0.22,0.21,0.21,0.22,0.23,0.23,0.24,0.24,0.25,0.25,0.255377056,0.250301889
Dominican Republic,9.58,10.06,11.37,11.52,12.45,13.14,13.67,14.20,14.07,14.74,14.97,14.38,14.55,16.02,16.43,15.38,16.18,17.70,17.69,18.75,17.30,18.14,19.18,19.41,21.06,21.90,23.11,25.00,27.15,27.85,28.47,29.19,31.61,29.23,28.66,30.00,32.15,33.30,33.54,33.22,34.49,34.96,35.81,35.47,35.99,38.35,39.76,39.03120177,41.28006989
Ecuador,13.66,12.81,14.41,17.51,18.72,19.52,21.51,23.01,24.33,25.98,27.13,28.80,29.15,28.49,30.35,31.78,33.17,30.89,34.84,35.01,36.61,37.06,39.72,40.62,42.76,45.43,49.61,50.96,48.87,44.09,43.75,46.88,47.67,48.89,53.04,53.64,55.84,57.08,57.71,61.96,66.68,66.80,67.07,69.46,71.94,69.89,68.53,66.82580263,68.23159629
Egypt,56.09,56.29,57.57,54.38,58.84,62.85,69.83,72.58,75.07,78.63,84.24,90.95,97.09,104.50,112.98,117.80,121.53,130.03,131.92,138.71,144.22,152.87,156.19,157.86,153.01,162.38,172.07,179.02,182.90,195.99,196.65,212.51,219.69,225.97,242.03,266.64,280.10,294.86,298.50,305.83,305.45,315.81,330.54,323.31,327.59,333.13,343.11,358.5379833,398.6794662
El Salvador,5.74,5.68,6.04,6.06,6.18,6.53,6.82,7.22,7.60,7.35,6.61,6.53,6.03,6.18,6.08,6.53,6.47,7.08,7.17,7.19,7.48,8.36,8.89,9.15,9.89,10.07,10.04,11.16,11.07,11.20,10.74,11.47,11.69,11.95,12.16,12.48,13.07,13.32,12.47,12.27,11.98,11.87,12.26,11.66,11.91,12.40,12.33,11.77857933,12.07374479
Equatorial Guinea,0.12,0.12,0.12,0.12,0.12,0.12,0.12,0.12,0.12,0.13,0.13,0.13,0.14,0.15,0.15,0.17,0.16,0.18,0.18,0.21,0.22,0.29,1.09,2.71,5.01,5.32,5.73,7.84,9.56,10.28,10.86,13.94,11.89,13.07,15.53,16.89,17.06,16.32,19.04,17.67,18.25,18.43,17.85,17.50,16.09,15.33,14.59,13.76981812,13.79286989
Eritrea,4.00,4.03,3.93,3.98,3.98,3.89,3.90,3.92,4.00,4.07,4.11,4.17,4.13,4.22,4.12,4.16,4.34,4.26,4.30,4.44,4.50,4.55,4.70,4.10,4.32,4.45,4.91,5.31,5.11,5.24,5.35,5.28,5.23,5.36,5.40,5.40,5.22,5.46,5.41,5.48,5.45,5.73,5.84,5.92,5.98,6.04,6.14,6.213501912,6.367903065
Estonia,25.84,26.01,28.19,31.14,32.99,36.44,36.64,38.34,38.84,40.83,41.07,43.07,42.52,42.43,41.05,40.34,39.55,38.47,36.95,33.91,40.95,38.42,30.17,23.90,23.67,21.89,22.79,22.46,21.41,20.00,20.16,20.81,20.01,22.24,22.74,23.06,21.85,25.87,24.58,21.56,25.87,25.24,24.68,27.36,26.39,24.32,24.02,25.05355023,25.12045456
Eswatini,1.58,1.59,1.66,1.71,1.74,1.80,2.12,2.13,2.14,2.27,2.33,2.23,2.17,2.02,2.00,2.14,2.20,2.25,2.22,2.25,2.80,3.03,2.90,2.49,3.17,3.08,3.14,3.59,3.57,3.80,4.46,4.51,4.49,4.42,4.43,4.69,4.72,5.09,5.11,4.91,4.57,3.33,3.19,3.35,3.10,3.16,3.28,3.276159131,3.39042443
Ethiopia,52.10,52.52,52.03,52.61,52.57,51.09,50.85,51.43,52.00,52.59,52.76,53.24,53.55,55.31,53.88,56.31,59.61,57.50,58.40,61.32,63.17,63.90,64.81,60.14,62.60,63.77,67.04,69.43,74.14,74.11,72.32,77.62,85.01,84.30,86.73,90.06,95.88,104.93,110.39,114.19,119.03,118.86,123.76,128.60,135.00,138.54,144.55,149.9510471,152.4619424
Falkland Islands,0.16,0.16,0.16,0.15,0.15,0.16,0.16,0.16,0.16,0.16,0.16,0.16,0.16,0.16,0.16,0.17,0.17,0.16,0.17,0.19,0.17,0.17,0.16,0.16,0.17,0.18,0.16,0.18,0.16,0.16,0.17,0.17,0.17,0.17,0.17,0.17,0.18,0.18,0.18,0.18,0.18,0.18,0.19,0.19,0.19,0.19,0.19,0.179162351,0.178159277
Faroes,0.04,0.04,0.04,0.04,0.04,0.04,0.04,0.04,0.04,0.04,0.04,0.04,0.04,0.04,0.04,0.04,0.04,0.04,0.04,0.04,0.04,0.04,0.04,0.04,0.04,0.04,0.04,0.04,0.04,0.04,0.04,0.04,0.04,0.04,0.04,0.04,0.04,0.04,0.04,0.04,0.04,0.04,0.04,0.04,0.04,0.05,0.04,0.044349842,0.044402153
Fiji,1.39,1.40,1.48,1.62,1.84,1.70,1.66,1.75,1.73,1.92,1.96,2.12,2.03,1.88,1.75,1.89,1.94,1.87,1.88,2.00,2.10,1.97,2.05,2.16,2.30,2.39,2.43,2.47,2.46,2.57,2.69,2.79,2.49,2.68,3.19,2.95,3.06,2.79,2.26,2.26,2.28,3.64,2.53,2.83,3.24,3.26,3.11,3.243205245,3.332276245
Finland,65.27,65.03,69.14,73.54,69.71,69.10,75.11,74.60,81.90,82.39,83.22,73.44,71.11,70.31,71.05,75.10,75.30,80.06,78.70,79.09,83.04,83.42,79.26,80.98,88.20,84.29,89.62,87.66,84.39,85.30,83.86,90.43,92.18,101.54,100.79,86.63,100.96,95.55,87.11,84.08,94.43,86.44,82.44,83.68,79.83,76.39,75.62,73.22508845,74.80228795
France and Monaco,623.44,635.96,653.29,691.67,675.16,634.07,675.72,659.95,677.37,686.11,664.52,612.59,589.46,573.39,563.90,551.50,539.23,528.43,525.32,539.99,550.13,574.79,561.23,540.74,536.75,547.66,566.71,560.03,565.60,547.43,544.93,548.53,541.47,544.34,543.21,544.26,530.31,524.29,516.77,501.45,511.91,489.96,491.56,486.27,451.92,457.59,458.93,462.2342038,450.392461
French Guiana,0.27,0.27,0.31,0.33,0.28,0.35,0.31,0.35,0.36,0.34,0.35,0.32,0.37,0.40,0.37,0.37,0.45,0.54,0.60,0.64,0.74,0.85,0.73,0.86,0.86,0.97,0.99,0.96,0.95,0.97,0.57,0.61,0.53,0.66,0.67,0.65,0.57,0.60,0.60,0.81,0.77,0.83,0.67,0.66,0.65,0.72,0.70,0.68086391,0.666815837
French Polynesia,0.20,0.20,0.22,0.24,0.28,0.25,0.24,0.26,0.26,0.28,0.29,0.44,0.51,0.67,0.83,0.83,0.89,1.01,1.00,0.96,0.92,0.93,0.90,0.89,0.77,0.78,0.77,0.80,0.84,0.82,0.78,0.88,0.91,0.96,0.95,1.00,0.94,0.91,0.95,0.92,0.98,1.17,1.07,1.06,1.03,1.12,1.06,1.047618271,1.074966898
Gabon,5.84,6.36,6.85,10.68,12.93,14.85,15.69,15.50,15.58,14.83,13.89,13.25,13.46,12.98,13.96,15.54,13.11,11.83,12.19,15.53,18.05,17.17,18.15,18.34,18.44,20.63,23.05,21.53,24.93,23.66,24.01,24.64,23.87,26.61,24.63,23.25,20.13,17.51,18.82,18.37,18.94,18.67,18.60,18.49,18.73,19.50,19.62,18.24564831,17.89708545
Georgia,31.97,32.02,33.66,35.40,36.95,39.08,39.46,39.88,41.28,42.49,43.56,44.12,43.73,43.27,43.21,42.94,42.65,43.16,42.91,41.76,41.93,33.60,27.48,22.93,16.54,14.03,12.60,11.89,11.12,10.87,11.31,9.58,9.48,9.99,10.29,11.18,11.62,12.57,11.60,12.55,11.90,13.35,14.48,14.64,15.84,16.09,16.60,16.5220412,16.40753149
Germany,1309.52,1302.43,1325.34,1377.26,1347.53,1284.73,1346.08,1323.24,1363.74,1418.94,1365.03,1326.83,1275.69,1287.69,1305.12,1309.58,1297.87,1284.47,1274.19,1260.58,1229.66,1201.97,1143.14,1129.74,1121.29,1115.65,1142.65,1106.40,1078.07,1040.63,1045.26,1051.55,1030.03,1029.23,1010.11,985.88,993.81,961.56,963.40,896.74,943.36,914.66,926.09,944.71,904.84,910.02,914.10,898.1713349,873.5958834
Ghana,6.74,6.84,7.17,7.22,7.74,7.94,8.01,8.34,8.27,8.03,8.01,8.73,8.19,7.22,7.88,8.42,8.76,9.17,9.36,10.03,10.47,10.75,11.33,11.62,11.96,12.36,13.06,13.62,15.25,16.17,15.65,16.24,17.66,17.34,17.23,17.87,19.86,20.47,19.93,21.77,23.29,26.20,29.07,30.99,31.22,32.59,31.91,34.99402861,37.28045364
Gibraltar,0.08,0.08,0.07,0.07,0.07,0.08,0.07,0.07,0.07,0.09,0.11,0.10,0.11,0.10,0.10,0.10,0.13,0.14,0.16,0.15,0.16,0.22,0.26,0.26,0.31,0.30,0.31,0.32,0.33,0.34,0.36,0.37,0.38,0.38,0.41,0.43,0.45,0.44,0.45,0.49,0.50,0.48,0.49,0.52,0.56,0.62,0.67,0.732697786,0.810850612
Greece,45.87,47.07,54.34,57.70,57.80,59.99,65.32,67.52,70.33,73.41,73.41,72.93,74.73,78.55,80.12,83.72,83.17,88.24,92.96,97.79,101.18,100.76,102.75,101.89,103.69,106.80,106.69,107.67,111.37,111.78,119.20,120.39,121.03,124.96,125.12,127.91,126.71,130.99,126.47,120.26,113.00,109.91,105.11,97.66,94.93,93.15,93.01,93.44307175,91.86052933
Greenland,0.06,0.06,0.06,0.05,0.05,0.06,0.06,0.05,0.06,0.06,0.06,0.06,0.06,0.06,0.06,0.06,0.06,0.06,0.06,0.06,0.06,0.06,0.06,0.06,0.06,0.06,0.06,0.06,0.06,0.06,0.06,0.06,0.06,0.06,0.69,0.69,0.71,0.70,0.72,0.63,0.72,0.76,0.62,0.61,0.56,0.60,0.59,0.581128349,0.582526963
Grenada,0.08,0.08,0.08,0.08,0.08,0.08,0.08,0.09,0.09,0.09,0.08,0.10,0.10,0.10,0.10,0.10,0.11,0.14,0.14,0.13,0.17,0.18,0.18,0.19,0.21,0.20,0.21,0.25,0.22,0.22,0.22,0.23,0.22,0.25,0.24,0.25,0.25,0.25,0.27,0.28,0.30,0.32,0.34,0.40,0.34,0.35,0.35,0.289015465,0.283092854
Guadeloupe,0.64,0.65,0.70,0.75,0.67,0.77,0.74,0.78,0.81,0.79,0.78,0.96,1.09,1.19,1.38,1.28,1.33,1.57,1.67,1.70,1.78,1.95,1.87,1.92,1.96,1.96,2.00,1.96,1.91,1.92,2.01,2.10,2.07,2.19,2.16,2.08,2.08,2.11,2.02,2.14,2.33,2.51,2.12,2.29,2.40,2.42,2.62,2.237334119,2.187595952
Guatemala,8.48,8.86,9.46,9.67,9.60,10.05,9.74,10.60,11.19,11.91,12.40,12.01,11.64,11.47,11.86,12.20,11.87,12.33,12.47,12.94,13.36,13.93,15.13,16.13,16.53,17.72,17.74,18.42,20.30,20.97,22.10,23.00,23.81,23.36,24.69,25.47,26.29,27.38,26.79,28.05,28.68,29.35,30.31,32.09,33.87,36.61,38.20,38.23398098,40.60058775
Guinea,4.67,4.70,4.77,4.91,5.04,5.17,5.24,5.33,5.36,5.47,5.58,5.59,5.64,5.75,5.81,5.63,5.39,6.01,6.28,6.44,7.03,7.19,6.91,7.19,7.65,8.37,8.82,8.47,8.75,9.69,10.62,10.83,11.30,11.88,12.38,12.75,13.31,13.84,14.43,15.19,17.74,18.50,19.08,19.48,20.24,21.36,22.30,23.2350802,24.28971291
Guinea-Bissau,0.77,0.79,0.81,0.84,0.93,1.08,1.17,1.14,1.06,1.09,1.11,1.26,1.51,1.42,1.36,1.21,1.21,1.31,1.35,1.41,1.52,1.57,1.58,1.61,1.67,1.72,1.72,1.75,1.77,1.85,1.87,1.87,1.89,1.95,1.97,2.01,2.07,2.17,2.27,2.37,2.48,2.50,2.61,2.72,2.58,2.72,2.86,2.855698417,2.84511526
Guyana,4.44,4.37,4.28,4.53,4.58,5.06,4.49,4.97,4.77,4.26,4.33,4.54,4.22,3.89,4.30,4.09,4.14,3.82,3.76,3.33,3.14,3.54,3.72,4.02,3.98,4.04,4.13,4.16,4.27,4.65,4.23,4.26,4.08,4.38,4.27,4.01,3.82,4.07,4.09,4.29,4.49,4.77,5.15,5.40,5.47,5.54,5.53,5.138240141,5.061791318
Haiti,5.15,5.29,5.41,5.42,5.42,5.43,5.70,5.84,6.08,6.19,6.29,5.94,6.14,6.29,6.37,6.37,5.96,5.98,6.05,6.01,5.96,6.14,6.41,6.26,5.81,6.58,6.94,7.27,7.43,7.56,7.81,8.05,8.27,8.18,8.46,10.61,10.78,11.26,11.38,11.48,11.51,11.74,11.82,12.05,12.73,13.17,13.38,13.51009052,13.53115702
Honduras,5.87,5.95,6.08,6.25,6.47,6.69,6.84,7.10,7.18,7.37,7.58,7.61,7.63,8.66,9.02,8.81,8.79,9.00,9.11,9.33,9.26,9.36,9.70,9.50,10.36,10.81,11.16,11.32,11.87,11.37,11.85,12.98,14.17,15.64,16.87,16.79,16.31,18.74,18.77,18.87,19.03,19.56,20.18,20.55,20.39,21.76,21.51,22.00751213,23.04503093
Hong Kong,11.67,11.87,12.19,12.30,13.77,13.70,15.61,17.78,18.87,17.81,18.27,19.54,20.93,23.53,25.40,26.45,29.71,32.30,35.69,37.18,38.46,41.43,46.01,48.55,41.87,41.92,40.71,38.23,46.94,50.14,46.03,47.03,45.66,48.37,46.42,46.87,47.90,49.68,48.68,52.03,47.89,51.66,51.15,52.38,54.37,50.37,51.23,50.63425653,49.25516429
Hungary,90.57,92.97,94.89,100.31,103.29,105.33,109.65,114.50,123.40,122.25,121.10,120.12,120.61,116.64,118.29,116.72,113.94,115.37,109.88,107.04,96.24,89.97,79.30,79.83,79.68,78.09,80.41,79.02,78.26,78.70,75.80,77.56,80.38,81.44,80.54,79.26,78.09,76.55,74.43,67.46,67.90,67.06,63.67,60.90,61.07,63.64,64.58,67.27295827,67.15907693
Iceland,2.72,2.82,3.06,3.43,3.40,3.25,3.27,3.35,3.44,3.52,3.28,3.20,2.88,2.93,3.16,3.06,3.07,3.09,3.20,3.21,4.54,4.51,3.30,3.42,3.55,3.36,3.66,3.60,3.76,3.81,3.92,4.03,4.23,4.20,4.30,4.27,4.42,4.74,5.05,5.04,4.99,4.85,4.85,4.89,4.71,4.87,4.81,5.056262132,4.951359287
India,769.06,773.76,785.02,792.91,814.40,843.59,867.07,885.95,889.82,917.98,940.54,988.90,1014.68,1062.26,1111.62,1139.79,1199.37,1232.62,1297.96,1352.07,1374.87,1433.07,1462.82,1498.55,1552.52,1617.94,1664.77,1718.39,1746.56,1817.79,1851.21,1876.09,1906.65,1955.05,2060.54,2134.23,2236.21,2375.89,2483.12,2668.82,2780.51,2902.55,3072.20,3109.77,3278.27,3302.84,3357.66,3480.607233,3619.799566
Indonesia,204.08,206.73,212.86,226.85,233.54,233.71,240.82,266.05,284.89,291.62,295.99,305.66,297.69,304.79,318.58,327.64,343.35,345.61,360.94,372.96,409.81,429.07,449.15,466.76,485.84,514.21,539.44,564.02,562.80,578.45,576.53,600.08,611.64,645.15,657.01,664.55,696.96,723.79,727.71,758.72,764.46,812.69,876.35,881.94,934.67,937.84,949.11,1019.61759,1074.190967
Iran,194.62,200.37,220.90,255.69,266.98,256.64,286.45,289.94,278.71,232.11,180.45,177.69,218.66,242.85,237.93,251.44,238.38,253.25,254.78,281.73,320.34,362.00,386.34,385.20,425.65,427.01,446.11,461.25,448.84,480.04,510.08,518.18,537.35,582.94,625.33,666.31,713.46,746.75,752.40,774.75,784.10,794.32,788.57,809.03,832.34,830.40,872.69,902.7438061,926.372097
Iraq,88.94,93.28,85.85,106.01,106.37,120.45,135.56,129.58,141.42,182.17,150.32,82.21,85.16,88.67,101.27,116.47,132.46,146.43,172.58,187.64,154.86,77.43,104.63,136.10,148.73,147.15,140.68,175.14,146.97,137.86,153.19,166.76,157.20,143.49,158.20,155.63,153.55,143.57,159.64,190.00,211.11,226.97,260.14,271.72,281.76,284.19,324.58,327.041943,351.2521448
Ireland,39.81,42.77,42.47,43.00,45.95,44.49,44.78,47.10,47.33,51.91,50.99,50.20,50.15,50.27,50.58,52.28,53.49,54.77,54.02,55.69,57.74,58.30,58.36,59.29,60.80,61.72,63.39,64.60,67.12,69.53,73.21,75.63,74.22,73.65,74.39,75.19,76.14,74.39,73.09,68.04,67.12,62.36,63.89,63.26,63.26,65.34,68.47,67.87785103,67.61520872
"Israel and Palestine, State of",63.41,63.67,66.96,67.99,54.10,72.98,23.10,23.95,25.23,25.67,25.62,26.55,27.70,28.58,29.55,31.31,33.69,36.46,38.42,39.79,41.79,42.57,45.38,49.39,52.98,56.36,59.78,61.69,62.83,64.45,69.18,70.35,73.86,76.10,76.37,74.36,77.56,80.54,81.64,80.12,86.41,86.63,93.05,86.09,84.70,88.88,89.28,89.44756809,87.0276851
"Italy, San Marino and the Holy See",393.76,409.65,426.79,451.01,454.06,434.95,464.67,455.17,464.87,481.90,482.94,471.17,461.61,454.40,463.00,462.94,463.98,485.62,491.72,509.39,530.91,530.98,526.41,517.99,514.01,544.19,539.31,542.10,552.77,560.66,562.36,555.47,560.89,578.78,583.56,584.00,571.77,563.65,547.99,494.39,504.43,493.21,473.37,440.34,420.58,430.50,426.57,423.2451698,417.5557948
Jamaica,7.15,7.15,7.72,9.74,9.49,9.06,7.75,8.38,8.53,8.53,8.03,7.98,7.07,7.17,7.00,6.36,6.20,6.49,6.68,8.12,9.17,9.20,10.12,10.31,10.35,10.71,11.05,11.24,11.75,12.05,12.13,12.20,12.16,12.54,12.50,12.50,13.91,13.81,11.61,9.43,8.94,9.09,8.78,9.27,9.09,8.94,9.47,8.914173969,10.32182203
Japan,975.92,988.77,1032.13,1145.85,1143.00,1083.97,1115.91,1140.83,1134.99,1160.47,1130.37,1105.59,1063.72,1065.84,1135.21,1108.88,1104.57,1106.26,1177.97,1208.36,1299.16,1310.72,1323.08,1317.71,1374.45,1391.52,1406.55,1389.94,1327.09,1351.81,1368.12,1348.13,1382.88,1389.55,1382.21,1386.29,1357.63,1397.68,1324.66,1257.27,1322.00,1371.67,1412.13,1425.34,1383.21,1340.53,1330.70,1317.26247,1270.211563
Jordan,3.66,3.77,3.38,3.74,3.99,4.30,4.89,5.07,5.96,6.36,7.75,8.84,9.36,10.64,11.55,11.91,12.51,13.92,13.62,11.63,12.33,12.68,14.82,15.41,16.00,16.98,17.34,17.90,18.22,18.38,19.12,19.42,20.75,20.77,23.09,24.70,25.18,26.40,26.45,26.94,26.65,27.51,31.22,31.12,33.29,33.44,34.34,36.45191571,35.36339565
Kazakhstan,251.49,251.90,263.68,276.24,285.81,302.24,300.73,302.95,323.18,326.42,337.73,326.10,313.69,305.24,301.09,291.96,287.11,297.88,305.70,305.19,346.39,352.75,356.31,310.84,277.62,242.04,213.48,186.98,185.52,171.20,176.06,174.23,190.19,210.01,225.72,239.14,263.94,277.71,321.41,295.10,314.90,334.60,331.67,349.07,336.61,350.94,360.60,368.9278447,367.7756686
Kenya,23.62,24.07,24.79,25.20,25.57,25.89,26.33,27.16,28.80,30.59,29.21,29.14,30.81,32.95,34.47,34.56,35.87,36.24,38.07,39.57,40.07,39.32,39.87,40.25,40.87,41.70,40.90,40.97,41.95,44.77,43.76,44.84,47.24,48.49,52.83,55.11,54.29,73.10,77.64,76.90,80.40,81.28,79.97,81.13,82.63,85.80,92.59,89.04553809,90.97675692
Kiribati,0.03,0.03,0.03,0.03,0.04,0.03,0.03,0.04,0.04,0.04,0.04,0.04,0.04,0.04,0.03,0.03,0.03,0.03,0.03,0.03,0.03,0.03,0.03,0.03,0.04,0.04,0.04,0.04,0.04,0.04,0.05,0.05,0.06,0.06,0.06,0.08,0.08,0.07,0.08,0.07,0.08,0.09,0.08,0.08,0.08,0.09,0.09,0.092148627,0.094480318
Kuwait,67.48,70.05,72.97,66.50,55.54,47.19,48.48,46.81,52.71,61.61,51.86,45.08,44.39,49.50,51.36,55.27,61.30,65.85,76.32,89.03,47.46,45.29,42.50,58.10,66.33,64.48,64.77,69.05,71.01,73.78,82.05,84.36,87.97,96.56,100.30,111.89,115.12,113.29,116.47,120.79,119.25,123.91,124.12,134.16,130.53,140.71,145.67,140.7788983,141.4749909
Kyrgyzstan,22.70,23.05,24.14,25.07,26.04,27.30,27.77,28.34,31.32,31.95,33.29,32.47,31.49,30.49,29.71,29.21,29.14,30.90,31.56,31.66,33.57,30.86,22.93,18.61,14.21,11.09,11.91,11.68,12.06,10.91,10.87,10.07,11.17,11.85,11.81,11.67,11.58,12.92,14.26,14.11,13.80,15.42,17.98,17.91,18.60,19.54,19.09,19.101029,21.27991576
Laos,6.67,6.56,6.48,6.43,6.55,6.39,5.53,5.83,6.01,6.70,7.24,7.14,7.12,7.00,6.92,7.08,7.12,6.87,6.83,7.26,7.65,7.42,7.71,7.72,8.22,8.34,8.63,9.08,8.78,8.71,9.54,9.96,10.27,10.58,10.92,10.93,11.57,11.55,12.37,13.13,13.97,14.77,15.77,16.58,17.36,25.29,34.91,36.86419085,36.93645925
Latvia,19.67,19.89,21.10,22.12,22.57,24.25,24.06,24.94,25.16,26.22,26.32,27.34,27.33,27.69,27.68,27.80,28.40,28.48,28.70,28.46,27.93,25.97,21.69,18.41,15.34,13.32,13.38,12.72,12.25,11.47,10.67,11.16,11.23,11.54,11.75,12.07,12.75,13.30,12.69,11.91,12.98,12.47,12.43,12.21,12.08,12.35,12.27,12.08281081,12.5547862
Lebanon,6.82,7.00,7.57,9.02,9.06,8.14,7.75,6.89,8.20,9.05,9.19,9.32,7.32,7.70,7.86,8.89,9.30,9.49,7.72,7.81,7.85,9.47,10.15,13.72,14.89,17.04,17.70,19.24,19.24,19.81,18.34,19.77,19.89,20.17,20.59,20.64,19.79,18.34,22.10,26.07,25.19,25.78,28.53,28.41,30.56,32.79,34.09,35.86395697,34.52695412
Lesotho,1.85,1.76,1.72,1.71,1.77,1.82,1.80,1.68,1.69,1.77,1.89,1.90,1.93,1.90,1.88,1.97,2.00,2.28,2.22,2.16,1.99,2.02,2.18,2.14,2.13,2.08,2.00,1.96,1.85,2.43,2.60,2.63,2.49,2.52,2.52,2.67,2.62,2.86,2.64,2.71,2.72,2.72,2.80,2.69,2.68,2.66,2.67,2.869647229,2.84572298
Liberia,1.67,1.69,1.71,1.76,1.83,1.89,1.92,2.06,2.04,2.24,2.36,2.13,2.08,2.13,2.02,2.09,1.93,1.90,2.17,1.91,1.58,1.35,1.28,1.21,1.23,1.25,1.33,1.44,1.56,1.68,1.91,2.02,2.05,2.12,2.22,2.42,2.57,2.56,2.56,2.61,3.00,3.12,3.31,3.29,3.61,3.73,4.04,4.05274006,4.178265778
Libya,114.99,103.07,84.17,81.57,58.36,61.51,77.90,82.66,82.21,88.01,85.49,62.57,66.33,64.33,65.54,64.09,67.98,64.43,72.79,73.78,82.88,80.07,75.47,72.91,87.36,94.49,99.08,87.87,84.46,80.31,85.24,82.49,83.74,92.40,92.15,96.89,95.76,89.67,93.93,93.71,99.68,60.24,92.64,85.71,77.89,70.08,67.28,78.66687807,79.2087107
Lithuania,30.00,30.45,32.11,34.14,36.10,38.42,39.59,40.66,41.89,43.01,44.20,44.54,44.52,44.69,45.38,45.53,45.80,46.12,45.96,45.68,47.13,48.78,31.58,25.25,23.68,22.55,23.12,22.71,23.68,20.81,19.22,19.89,20.37,20.46,21.37,22.43,22.69,24.88,25.19,22.02,23.10,24.01,24.37,22.84,22.87,23.71,23.49,23.69320532,23.45229605
Luxembourg,19.25,18.01,17.73,19.14,17.81,14.34,15.24,14.53,15.82,14.96,14.13,12.14,11.46,10.80,11.75,11.96,11.69,11.17,11.70,12.52,12.69,13.17,12.87,13.14,12.28,10.04,10.03,9.51,8.81,9.21,9.84,10.38,11.07,11.47,12.90,13.12,12.93,12.34,12.21,11.60,12.24,12.09,11.83,11.31,10.82,10.29,10.02,10.16655348,10.46459247
Macao,0.36,0.36,0.39,0.44,0.54,0.46,0.43,0.46,0.45,0.51,0.52,0.55,0.54,0.75,0.69,0.66,0.79,0.97,0.95,0.95,1.01,1.00,1.06,1.14,1.30,1.25,1.42,1.51,1.67,1.74,1.45,1.53,1.63,1.65,1.98,2.03,1.95,1.69,1.40,1.49,1.22,1.68,1.79,1.73,1.75,2.22,2.11,2.227114902,2.298434952
Madagascar,19.97,19.02,19.41,19.88,20.27,20.53,20.60,21.40,22.57,22.68,23.36,23.28,23.18,23.35,23.34,23.29,23.15,23.35,23.47,23.24,23.69,23.84,24.06,24.38,24.33,24.63,24.74,24.89,25.09,25.06,26.02,24.07,22.74,23.73,24.39,26.61,27.15,27.59,28.14,28.18,29.07,29.26,30.59,30.43,30.98,31.23,31.92,31.42563207,32.78952857
Malawi,2.49,2.59,2.75,2.75,2.88,3.06,3.32,3.32,3.39,3.50,3.57,3.66,3.71,3.71,3.86,4.16,4.27,4.53,4.29,4.44,4.93,5.13,5.13,5.17,5.06,5.18,5.33,5.33,5.59,5.78,6.58,6.55,6.67,6.96,7.05,7.26,7.65,8.02,8.58,8.79,9.38,9.05,9.36,9.96,10.21,10.69,11.25,11.67491842,12.65078106
Malaysia,32.60,33.38,34.07,34.47,36.94,38.82,41.64,41.84,43.94,49.65,51.31,52.43,54.64,60.32,63.88,66.27,68.58,70.38,74.10,82.79,91.95,104.73,109.05,116.92,123.86,130.72,147.88,159.78,156.48,167.22,182.08,189.55,200.45,213.58,230.20,244.36,252.84,270.91,285.94,263.37,278.66,279.76,283.06,302.91,317.57,320.20,316.10,306.9653038,324.3118987
Maldives,0.03,0.03,0.03,0.03,0.04,0.04,0.04,0.04,0.04,0.05,0.05,0.05,0.05,0.05,0.09,0.10,0.10,0.11,0.13,0.12,0.14,0.14,0.15,0.16,0.29,0.37,0.39,0.35,0.40,0.40,0.66,0.58,0.68,0.60,0.77,0.72,0.86,0.82,0.90,0.93,1.01,1.35,1.57,1.63,2.11,1.69,1.72,1.795850517,1.848021557
Mali,11.46,11.67,10.40,9.80,9.07,9.84,10.01,10.14,10.46,11.64,12.60,13.20,13.75,12.29,11.07,10.41,10.70,10.93,11.45,11.88,12.37,12.55,12.51,12.71,13.09,13.51,13.89,14.22,14.74,15.36,16.46,17.36,18.35,19.29,19.86,20.91,21.16,22.52,23.88,25.25,26.88,27.60,28.64,29.87,30.84,32.42,34.44,36.57243255,38.5206433
Malta,0.82,0.82,0.99,0.96,0.89,0.81,0.91,0.96,1.09,1.07,1.16,1.30,1.47,1.13,1.50,1.33,2.06,2.15,2.33,2.51,2.51,2.42,2.38,3.03,2.73,2.61,2.56,2.71,2.61,2.66,2.37,2.75,2.58,2.88,2.88,2.94,3.01,3.10,3.12,2.92,3.03,3.03,3.16,2.83,2.83,2.15,1.86,2.033062736,2.056911604
Martinique,0.67,0.68,0.76,0.81,0.71,0.84,0.77,0.84,0.86,0.83,0.84,0.86,0.85,0.85,0.84,0.96,1.03,1.21,1.38,1.71,1.82,1.65,1.79,2.13,2.09,2.08,2.09,2.02,1.96,2.00,2.11,2.13,2.06,2.16,2.19,2.08,2.01,2.03,2.00,2.17,2.24,2.32,2.35,2.37,2.44,2.13,2.15,2.340866884,2.275002224
Mauritania,5.43,5.30,4.87,4.77,4.15,4.27,4.48,4.66,4.74,4.89,5.05,5.27,5.38,4.91,4.88,5.16,5.06,5.47,5.81,6.09,6.24,6.60,8.06,8.19,8.22,8.36,8.68,9.23,9.60,10.24,8.71,9.12,9.49,9.76,9.76,9.96,10.60,10.35,10.27,10.70,10.94,11.21,11.78,11.79,12.48,12.86,13.22,13.35421006,13.52662947
Mauritius,0.86,0.89,0.95,0.98,1.03,1.04,1.11,1.22,1.23,1.24,1.19,1.21,1.18,1.26,1.31,1.29,1.45,1.52,1.61,1.74,1.90,1.98,2.06,2.20,2.25,2.32,2.41,2.43,2.62,3.03,3.32,3.47,3.46,3.54,3.60,3.75,4.55,4.69,4.81,4.81,5.11,5.14,5.27,5.41,5.62,5.66,5.77,6.032040951,6.023435863
Mexico,212.25,213.88,228.02,240.34,260.20,274.15,289.34,299.51,325.55,342.76,374.51,401.11,424.38,410.22,417.00,430.25,426.40,438.99,437.64,456.12,454.99,470.71,476.47,491.43,525.77,519.38,541.42,574.63,602.51,592.24,623.02,624.05,633.89,661.64,674.25,698.99,724.02,739.41,748.66,745.03,762.40,775.82,793.74,785.92,775.24,782.99,793.26,797.2268595,801.3803603
Moldova,20.61,20.83,22.06,24.12,26.04,26.88,29.69,29.69,31.35,31.70,32.95,31.22,32.17,32.93,33.42,33.59,34.86,36.60,36.50,36.57,37.50,31.06,25.47,21.73,18.67,16.57,14.71,13.37,12.07,10.63,9.96,10.17,10.41,10.98,11.04,11.35,11.15,10.98,10.69,10.48,11.60,11.80,11.44,10.73,11.31,11.58,11.84,11.79948019,12.36461762
Mongolia,15.49,15.83,15.50,15.96,16.72,17.38,17.66,18.44,18.83,19.79,20.54,19.86,20.60,21.11,21.41,22.98,24.23,25.26,26.27,25.63,25.33,28.09,25.89,24.65,22.69,23.51,22.36,22.64,23.38,24.04,24.78,22.66,20.65,19.98,19.95,24.23,27.23,29.96,30.83,33.87,35.46,40.16,41.66,44.06,46.42,45.55,52.11,57.80904059,60.81458029
Morocco,22.80,23.48,24.01,25.46,26.37,27.29,28.50,29.55,31.30,32.54,33.78,33.44,32.25,33.99,33.96,35.79,37.72,39.26,40.02,42.26,43.26,44.25,45.70,45.56,48.49,49.75,50.25,52.69,53.77,56.10,57.51,61.37,62.93,63.53,68.48,71.37,73.27,74.08,77.14,77.53,81.43,86.77,89.50,90.46,92.44,94.96,95.25,99.70688362,101.2430734
Mozambique,9.67,9.84,9.47,9.83,9.74,9.40,9.28,9.21,8.92,8.90,9.42,9.24,8.96,8.68,8.46,8.50,8.17,8.07,8.12,8.09,7.92,7.85,8.26,8.72,8.69,9.01,9.25,9.55,10.09,10.20,11.04,11.02,12.18,12.54,13.68,14.97,14.97,15.55,15.18,14.73,15.27,16.54,19.86,21.17,23.63,24.81,28.52,30.32148412,32.55969057
Myanmar/Burma,65.55,65.34,63.54,65.55,65.94,67.05,66.53,66.70,68.37,65.10,68.46,69.34,68.58,69.32,69.88,71.30,71.32,68.44,68.19,67.19,66.56,65.06,68.60,71.20,73.93,77.28,76.63,74.82,76.45,82.20,84.72,85.48,87.80,93.46,96.54,102.60,107.06,108.97,107.92,108.00,110.08,109.28,111.80,115.36,121.64,125.99,132.07,143.9041665,145.2372816
Namibia,6.76,6.85,6.94,7.05,7.69,5.95,5.98,6.71,6.71,7.14,7.55,6.43,5.89,5.76,5.83,5.89,6.28,6.51,6.66,6.69,6.80,6.51,6.48,6.42,6.62,6.74,6.91,7.17,7.46,7.61,8.11,8.63,8.16,8.39,8.49,10.23,8.87,8.92,9.72,9.67,9.68,9.83,11.06,10.66,11.38,11.57,12.52,12.25977015,12.04211873
Nepal,23.08,23.39,23.12,24.17,24.50,24.90,25.16,25.57,25.78,26.00,26.80,26.89,26.48,27.54,28.01,27.87,27.72,28.53,28.79,28.57,29.03,28.98,27.99,29.42,29.70,31.09,31.50,31.83,32.18,33.08,33.36,33.65,33.47,34.28,34.12,34.69,34.57,34.53,35.99,37.62,38.40,39.62,41.14,41.48,42.91,42.84,46.06,49.53379682,51.18222728
Netherlands,178.03,179.27,197.04,206.17,201.25,193.53,204.83,202.90,207.87,218.38,210.93,209.20,197.35,193.52,200.42,204.54,206.79,210.97,209.40,211.97,253.34,258.67,250.53,244.50,241.67,248.07,257.17,252.05,253.87,248.68,251.94,251.22,244.42,241.74,248.24,242.64,236.74,235.17,230.69,219.16,230.82,213.75,218.49,219.98,213.13,217.01,216.85,222.1069961,221.9043544
New Caledonia,1.31,1.31,1.40,1.58,1.85,1.63,1.57,1.66,1.67,1.84,1.88,1.97,1.36,1.34,1.37,1.77,1.70,1.88,1.85,1.92,1.89,2.01,2.03,1.98,2.01,2.01,2.12,2.07,2.11,2.36,2.91,2.76,3.08,3.25,3.32,3.45,3.29,3.12,3.16,2.96,3.89,4.18,4.12,4.22,5.08,4.88,4.68,5.394707137,5.536959735
New Zealand,55.34,53.63,57.50,58.22,59.49,58.55,60.72,61.69,61.48,59.60,61.96,61.92,63.78,63.66,64.88,65.38,65.50,65.16,67.00,65.47,68.36,68.63,70.00,70.33,72.21,73.57,74.59,77.60,76.34,78.88,80.12,82.59,84.55,85.96,85.87,86.24,86.38,85.44,85.39,83.19,83.27,82.71,85.45,84.75,86.29,84.95,84.85,86.00100235,84.92306387
Nicaragua,8.97,8.59,8.66,9.09,9.56,9.77,10.26,11.06,10.81,9.28,9.07,9.30,9.37,9.22,9.38,9.49,9.40,8.85,9.14,9.57,10.29,9.21,10.10,10.70,11.05,10.64,10.70,11.37,11.82,12.75,13.24,13.51,13.81,14.34,14.32,14.47,15.05,15.27,15.14,15.29,15.74,16.67,17.18,17.18,17.92,19.11,19.20,19.31832934,19.13149397
Niger,10.85,11.18,11.39,8.76,8.87,9.50,10.27,11.25,11.62,12.06,12.53,13.08,13.66,14.31,10.72,9.36,9.44,9.85,10.43,10.79,11.76,12.37,12.89,13.60,14.03,14.68,15.36,15.98,16.82,17.31,16.54,17.33,18.09,18.89,19.69,20.47,21.22,22.14,23.07,24.10,23.97,24.77,26.53,27.89,29.22,30.24,31.59,33.1027427,34.77652693
Nigeria,164.91,179.93,211.37,239.42,270.27,222.36,253.13,247.51,240.01,297.64,275.40,222.14,211.38,209.85,220.73,232.12,229.82,219.20,237.75,259.60,259.52,274.19,296.17,299.65,319.77,348.07,399.71,380.19,352.23,342.69,376.60,384.57,339.85,374.92,368.67,362.34,340.76,323.41,327.63,309.48,333.50,350.77,351.37,364.22,375.34,369.10,365.47,374.372917,392.7597124
North Korea,97.18,97.81,101.09,103.53,107.49,111.97,118.83,125.43,133.99,142.50,149.84,154.00,159.77,165.32,169.51,175.73,172.90,167.48,170.96,171.95,165.11,158.89,143.01,133.63,121.80,113.25,102.99,100.86,85.92,93.19,99.35,103.04,99.49,101.57,103.95,108.45,110.12,94.92,102.16,81.76,77.97,63.65,64.75,54.04,58.88,53.21,58.16,48.88740294,44.607798
North Macedonia,12.55,11.95,11.96,13.56,14.06,11.77,12.40,12.68,12.53,13.87,12.74,13.76,12.49,11.97,13.35,13.69,14.11,13.60,13.99,14.36,14.19,12.68,11.37,11.57,11.33,11.19,12.79,11.65,12.48,11.59,11.25,11.37,10.82,11.59,11.79,12.28,11.97,12.70,12.55,11.45,11.67,12.82,12.16,11.29,10.91,10.51,10.06,10.81733018,10.24190485
Norway,50.47,49.26,52.62,53.75,52.58,51.53,54.23,55.42,55.11,58.77,57.43,53.78,49.65,49.56,51.91,52.61,54.74,53.72,55.32,55.06,62.49,59.45,59.88,62.98,66.32,66.56,68.46,71.51,72.58,74.27,70.30,70.97,70.49,74.59,75.06,72.23,72.52,73.56,74.00,71.19,72.80,70.86,70.71,70.27,70.08,71.08,70.62,70.09105709,71.00639853
Oman,13.09,13.11,12.99,13.27,13.64,32.84,36.30,35.80,30.42,27.82,19.13,21.47,19.77,22.56,21.32,20.27,23.35,23.52,25.51,25.92,30.70,37.55,35.10,33.24,32.39,37.01,39.09,42.04,38.97,42.93,48.10,53.92,56.88,62.01,60.76,61.90,70.01,72.17,71.58,73.85,78.51,87.86,96.78,101.73,106.11,111.81,114.19,116.6217366,120.0152663
Pakistan,97.87,98.60,100.68,103.47,107.30,112.70,114.31,119.73,124.98,129.74,130.49,135.87,143.07,146.58,151.37,158.99,170.77,179.31,186.97,195.99,203.33,204.09,214.82,226.78,231.77,243.14,251.98,259.00,264.99,278.19,282.44,286.26,292.77,305.44,326.00,334.63,355.06,376.95,380.09,390.04,380.57,391.21,393.83,407.24,423.74,433.66,462.45,489.0403775,504.5898762
Palau,2.13,2.13,2.13,2.13,2.13,2.13,2.13,2.13,2.13,2.13,2.13,2.16,2.15,2.23,2.46,1.99,2.17,2.28,2.18,2.28,2.30,2.29,2.09,2.14,3.20,2.51,2.36,2.66,2.40,2.55,2.22,2.46,1.50,1.78,1.59,1.83,1.79,1.45,1.47,2.27,2.19,2.46,3.72,1.88,1.32,1.25,1.19,1.247125469,1.279830327
Panama,6.11,6.29,6.60,6.98,7.13,7.27,7.34,7.30,7.14,7.46,7.27,6.96,7.36,7.81,7.19,7.03,7.13,7.43,6.73,6.89,7.05,7.54,8.25,8.40,8.72,9.06,9.10,9.12,10.39,9.63,9.82,11.33,10.62,10.77,10.86,12.64,13.12,12.94,12.92,14.43,15.30,16.30,16.74,16.99,17.52,16.92,17.14,16.48306346,16.00784434
Papua New Guinea,1.81,1.85,2.00,2.24,2.63,2.37,2.34,2.45,2.45,2.69,2.76,2.95,2.81,2.90,2.90,3.19,2.97,3.47,3.33,3.29,3.39,3.68,3.82,3.94,4.14,4.25,4.49,4.56,7.36,4.85,5.56,5.56,5.97,6.11,7.12,9.02,9.59,8.31,9.80,7.32,6.78,5.94,7.58,7.87,10.90,13.16,14.82,14.45793527,15.84160961
Paraguay,10.11,10.42,10.75,11.35,11.66,12.24,13.38,14.28,14.55,14.38,14.57,15.68,16.34,16.77,17.48,18.16,18.35,19.25,20.17,20.53,20.80,19.40,20.39,22.19,23.59,25.49,25.43,26.07,26.29,25.90,25.20,25.94,24.97,27.10,26.15,26.24,27.78,30.29,31.27,33.35,36.91,37.38,38.23,39.10,41.62,41.27,41.93,43.14352651,43.24559287
Peru,37.43,38.32,37.46,38.58,40.49,41.02,41.87,41.81,42.59,44.56,45.40,47.22,47.34,43.00,44.78,43.83,45.47,47.63,47.56,45.04,44.25,43.63,44.25,45.43,47.19,51.65,54.61,54.58,53.86,56.73,56.50,54.51,56.26,56.43,60.58,61.70,61.43,65.10,68.71,72.64,78.37,83.40,83.55,85.30,88.53,90.17,93.30,90.79124916,91.36851226
Philippines,84.76,86.86,86.99,95.32,93.05,94.31,92.37,95.66,97.50,101.43,96.17,93.80,93.00,94.87,91.00,91.80,90.67,96.39,99.52,102.02,104.14,103.93,106.26,110.87,117.74,130.04,135.84,144.95,138.54,142.98,144.68,143.53,146.53,150.09,153.01,157.33,150.35,157.66,160.31,162.45,168.19,169.15,176.09,186.31,194.24,202.96,215.18,230.8907851,237.4231188
Poland,466.19,477.37,494.07,519.30,538.05,557.73,583.77,598.84,632.76,634.28,637.73,582.59,600.55,600.43,613.79,620.50,627.82,640.71,628.47,600.43,509.82,499.91,485.82,483.21,476.40,478.81,492.55,484.62,446.21,433.53,416.53,412.23,405.90,416.96,418.42,419.49,433.92,432.61,425.03,408.10,429.01,426.40,421.45,415.76,402.39,404.52,413.44,427.528622,424.9648527
Portugal,29.31,30.25,30.93,33.31,32.78,34.30,35.56,36.17,38.29,41.33,42.43,44.05,45.02,45.43,43.31,42.24,46.19,47.03,48.01,56.71,58.22,60.14,63.98,62.75,64.73,68.67,67.28,69.94,74.97,81.99,81.02,79.62,84.01,78.92,80.61,83.60,78.90,77.48,74.95,74.00,68.77,67.18,65.36,63.75,64.21,67.89,66.99,72.76341614,69.55169676
Puerto Rico,3.17,3.30,3.41,3.43,3.39,3.26,3.33,3.29,3.30,3.09,2.97,3.01,3.03,3.13,3.27,3.27,3.32,3.31,3.49,3.66,3.56,3.59,3.27,3.32,3.38,3.31,3.34,3.38,3.38,3.47,4.12,4.63,4.63,4.87,4.70,4.67,4.69,4.67,4.76,4.49,4.69,4.77,6.12,6.61,6.66,6.49,6.84,6.03013213,5.938734607
Qatar,22.73,26.36,31.18,35.47,30.50,28.64,28.28,25.33,28.13,27.81,24.46,20.84,20.54,18.72,25.81,23.28,24.41,24.33,25.67,27.24,27.17,28.28,29.88,30.31,31.54,31.46,36.42,52.02,53.78,60.26,63.84,61.60,65.89,71.66,76.01,77.28,85.07,95.70,105.25,109.71,126.16,140.39,148.46,163.00,167.03,170.49,173.67,174.5469468,178.4765405
Réunion,0.50,0.50,0.50,0.52,0.54,0.56,0.58,0.60,0.57,0.61,0.64,0.63,0.65,0.73,0.79,0.81,0.84,1.12,1.23,1.23,1.22,1.62,1.51,1.79,1.86,1.89,1.92,1.99,2.53,2.62,2.59,2.63,2.68,2.78,3.06,2.89,2.73,2.57,2.86,2.93,3.09,3.00,2.84,2.75,2.86,2.99,3.06,2.976758622,3.123710341
Romania,176.21,178.67,184.87,199.58,202.90,216.60,234.94,244.74,261.39,266.82,263.41,266.30,264.58,266.72,266.70,265.96,268.72,275.90,279.49,272.27,244.32,199.82,180.50,169.70,165.09,170.68,174.83,163.04,145.49,128.21,132.90,137.36,137.29,143.29,143.97,140.77,144.90,144.07,141.39,119.87,118.29,124.31,121.39,113.55,114.44,115.10,114.18,118.2745474,118.9537218
Russia,1744.27,1756.94,1833.31,1917.22,1997.19,2135.15,2166.83,2223.51,2337.99,2371.81,2430.06,2453.89,2484.75,2503.43,2528.87,2566.08,2624.11,2666.51,2725.01,2731.05,3052.29,2990.41,2783.52,2555.82,2311.36,2244.11,2178.19,2041.32,2038.57,2074.62,2115.93,2118.83,2112.67,2174.57,2187.81,2187.70,2224.81,2240.03,2229.40,2102.46,2196.33,2297.23,2286.79,2237.61,2218.58,2230.97,2210.71,2255.676879,2313.734767
Rwanda,2.09,2.16,2.17,2.23,2.20,2.27,2.27,2.33,2.41,2.34,2.43,2.61,2.66,2.78,2.95,3.13,3.16,3.31,3.28,3.39,3.56,3.68,3.47,3.24,3.19,2.90,3.11,3.41,3.53,3.86,3.63,3.83,3.92,4.18,4.35,4.49,4.80,5.00,5.22,5.35,5.61,5.54,5.66,5.78,5.82,6.43,6.44,6.555424777,6.71383508
"Saint Helena, Ascension and Tristan da Cunha",0.01,0.01,0.01,0.01,0.01,0.01,0.01,0.01,0.01,0.01,0.01,0.01,0.01,0.01,0.01,0.01,0.01,0.01,0.01,0.01,0.01,0.01,0.01,0.01,0.01,0.01,0.01,0.01,0.01,0.01,0.01,0.01,0.01,0.01,0.01,0.01,0.01,0.01,0.01,0.01,0.02,0.02,0.02,0.02,0.02,0.02,0.02,0.020101547,0.021000661
Saint Kitts and Nevis,0.09,0.09,0.09,0.10,0.09,0.10,0.10,0.10,0.10,0.10,0.10,0.10,0.10,0.10,0.10,0.10,0.10,0.10,0.10,0.10,0.09,0.11,0.12,0.13,0.14,0.12,0.14,0.14,0.13,0.14,0.20,0.20,0.21,0.22,0.24,0.22,0.22,0.22,0.22,0.24,0.25,0.28,0.29,0.30,0.30,0.30,0.30,0.214498081,0.210146519
Saint Lucia,0.13,0.13,0.15,0.15,0.14,0.16,0.15,0.16,0.17,0.16,0.16,0.14,0.17,0.16,0.17,0.20,0.21,0.23,0.27,0.26,0.26,0.27,0.27,0.26,0.29,0.29,0.30,0.29,0.29,0.31,0.42,0.44,0.39,0.44,0.45,0.44,0.43,0.44,0.44,0.47,0.49,0.54,0.57,0.61,0.60,0.59,0.59,0.514628634,0.506645706
Saint Pierre and Miquelon,0.10,0.10,0.12,0.13,0.11,0.14,0.12,0.14,0.14,0.13,0.13,0.13,0.12,0.13,0.15,0.13,0.17,0.24,0.23,0.26,0.24,0.24,0.23,0.12,0.12,0.08,0.08,0.05,0.06,0.06,0.06,0.06,0.06,0.07,0.07,0.07,0.07,0.07,0.07,0.08,0.08,0.09,0.09,0.10,0.11,0.10,0.10,0.060398316,0.058804242
Saint Vincent and the Grenadines,0.07,0.07,0.07,0.08,0.07,0.08,0.08,0.08,0.08,0.08,0.08,0.09,0.09,0.09,0.10,0.10,0.09,0.09,0.10,0.12,0.12,0.12,0.14,0.12,0.17,0.18,0.17,0.18,0.19,0.20,0.18,0.20,0.20,0.22,0.24,0.24,0.23,0.24,0.24,0.32,0.26,0.26,0.32,0.28,0.29,0.29,0.28,0.201955565,0.198106893
Samoa,0.16,0.16,0.16,0.18,0.20,0.19,0.19,0.19,0.19,0.21,0.21,0.23,0.24,0.24,0.25,0.25,0.24,0.26,0.26,0.28,0.28,0.28,0.27,0.28,0.29,0.29,0.29,0.29,0.30,0.30,0.31,0.34,0.34,0.35,0.35,0.36,0.36,0.35,0.35,0.36,0.38,0.45,0.43,0.43,0.44,0.56,0.50,0.570353305,0.580863891
São Tomé and Príncipe,0.04,0.04,0.04,0.04,0.04,0.04,0.04,0.04,0.04,0.05,0.05,0.05,0.05,0.05,0.05,0.05,0.05,0.06,0.06,0.06,0.08,0.10,0.09,0.09,0.10,0.11,0.11,0.11,0.12,0.12,0.11,0.12,0.13,0.14,0.15,0.16,0.16,0.17,0.18,0.19,0.20,0.20,0.21,0.21,0.21,0.22,0.23,0.23812604,0.247286498
Saudi Arabia,71.60,83.10,106.59,141.24,150.96,125.94,155.07,167.04,172.87,203.19,243.94,232.19,223.07,216.97,172.46,170.74,179.88,189.65,207.33,209.42,229.77,242.77,257.95,268.25,285.69,282.62,299.47,304.97,319.38,322.28,343.59,356.63,377.38,402.32,425.41,454.02,478.14,500.01,537.26,557.50,605.20,633.81,669.68,678.56,721.73,754.03,758.39,767.0488854,750.5967623
Senegal,7.49,7.59,7.34,7.18,7.45,7.75,7.93,8.10,8.28,8.38,8.10,8.20,8.19,7.94,8.17,8.62,8.90,9.23,9.18,9.47,9.68,9.92,10.32,10.54,10.77,11.02,11.52,12.03,12.54,13.47,13.42,14.23,14.33,14.36,15.14,15.98,16.17,17.13,17.77,18.50,19.26,20.00,20.36,20.89,21.70,23.21,24.23,24.70769523,25.31613615
Serbia and Montenegro,39.04,39.70,40.11,43.35,46.03,47.94,49.72,51.68,54.23,56.70,56.37,63.61,65.76,69.90,73.45,76.28,78.58,76.61,77.97,76.80,85.02,73.26,67.32,60.16,55.83,62.51,71.09,77.14,76.95,58.74,82.50,90.71,94.62,98.39,104.25,98.65,100.17,100.31,100.80,97.81,99.96,104.12,95.69,97.70,85.31,97.52,100.78,97.76387863,94.70936762
Seychelles,0.14,0.15,0.15,0.15,0.16,0.17,0.17,0.18,0.18,0.19,0.21,0.17,0.15,0.23,0.24,0.25,0.26,0.34,0.44,0.43,0.37,0.48,0.43,0.43,0.44,0.46,0.47,0.52,0.53,0.55,0.96,1.05,0.92,0.93,1.28,1.16,1.23,1.00,1.09,1.18,1.06,0.87,1.00,0.90,1.02,1.08,1.21,1.193252364,1.252041576
Sierra Leone,2.86,2.95,2.92,2.93,3.02,3.07,3.15,3.21,3.25,3.21,3.29,3.20,3.22,3.10,2.89,3.04,3.12,3.42,3.51,3.45,3.70,3.82,3.42,3.45,3.39,3.40,3.43,3.49,3.50,3.37,3.02,3.33,3.65,3.84,4.19,4.45,5.02,4.39,4.62,4.90,5.20,5.58,6.07,6.26,6.52,6.11,6.49,6.603470927,6.736200935
Singapore,7.52,7.58,8.93,9.89,10.29,10.31,11.17,12.34,13.97,14.96,15.02,16.21,16.87,18.22,18.65,20.44,20.72,21.08,23.69,25.13,34.00,35.94,36.93,42.32,45.24,45.54,47.32,48.33,48.43,48.09,58.64,60.25,52.02,50.53,53.23,51.11,51.40,52.01,51.28,52.31,58.98,61.38,59.43,62.81,64.77,66.64,65.83,70.08463719,70.52110633
Slovakia,56.42,56.60,57.48,58.87,59.56,60.99,61.67,63.67,70.74,71.64,75.37,73.89,72.01,71.87,74.14,73.77,70.98,72.92,73.97,73.55,74.13,64.38,59.87,57.70,55.10,55.45,56.08,55.77,54.54,53.67,51.34,51.95,51.41,51.89,51.79,52.07,51.82,50.96,50.98,46.72,49.60,47.86,46.00,46.29,43.73,44.65,45.46,47.60049954,47.58160887
Slovenia,13.07,13.17,13.18,14.59,15.53,14.95,15.15,15.76,16.36,17.05,16.34,16.24,16.10,16.57,16.57,16.66,17.33,16.31,18.70,18.41,22.88,21.22,20.88,21.17,21.11,21.10,21.80,22.36,22.11,21.41,21.14,22.94,23.65,23.32,23.96,24.30,24.48,24.31,24.85,22.68,22.78,21.76,21.20,21.12,19.60,19.80,20.64,20.60136342,20.50643416
Solomon Islands,0.13,0.14,0.15,0.16,0.19,0.18,0.19,0.21,0.21,0.22,0.24,0.30,0.26,0.28,0.26,0.26,0.23,0.23,0.26,0.25,0.26,0.27,0.27,0.27,0.29,0.29,0.29,0.30,0.31,0.31,0.29,0.30,0.30,0.31,0.32,0.33,0.33,0.33,0.34,0.33,0.36,0.41,0.40,0.41,0.42,0.43,0.40,0.513471079,0.527478658
Somalia,17.66,17.51,17.85,17.68,17.40,18.75,18.70,19.99,21.49,21.48,21.51,22.33,22.92,22.27,22.63,23.43,23.81,24.60,25.60,25.44,23.65,20.83,18.96,20.79,22.63,23.32,23.88,24.42,24.47,24.81,25.60,26.31,26.79,27.17,27.65,28.28,27.32,26.29,26.59,26.80,27.09,27.38,27.71,27.81,28.03,28.30,28.52,28.76799035,29.04895087
South Africa,237.47,236.86,244.19,263.07,272.02,290.10,305.73,307.50,286.66,295.71,310.92,326.48,334.77,337.28,357.52,362.47,360.45,377.56,383.08,382.18,397.50,389.94,384.38,387.58,394.27,412.80,427.24,445.81,453.66,436.38,441.81,452.79,467.89,493.96,527.32,539.76,544.29,565.32,594.13,562.88,569.10,550.75,569.30,581.29,594.87,569.74,569.81,575.5921112,573.9589304
South Korea,99.37,99.94,102.04,118.36,124.66,132.51,142.00,157.18,164.66,181.88,184.24,191.13,190.31,205.81,228.57,239.00,247.77,253.30,279.25,289.88,321.92,347.19,368.63,399.57,429.14,464.87,493.33,520.70,454.11,492.92,550.89,561.57,556.11,557.04,578.81,579.47,586.71,600.92,609.40,618.55,670.41,699.46,704.61,702.17,697.84,715.31,731.43,744.2734506,758.136778
Spain and Andorra,188.71,186.28,199.30,213.36,227.26,233.29,251.84,244.71,244.70,256.97,269.61,274.00,269.42,271.79,262.39,255.30,260.40,260.15,267.60,286.61,298.13,306.21,313.87,299.09,308.43,322.21,316.08,338.62,349.61,373.52,391.79,393.24,412.93,422.55,440.60,455.15,447.42,464.69,429.13,389.55,376.14,375.85,368.73,340.72,338.39,349.83,340.90,355.4749246,349.7655878
Sri Lanka,18.74,18.64,18.63,19.13,20.14,17.52,18.17,19.81,20.89,20.78,21.20,21.57,21.27,21.69,22.29,21.71,21.31,20.62,21.48,20.18,21.18,20.47,21.62,21.93,23.33,23.14,23.95,24.02,23.67,25.44,26.57,26.04,26.91,28.55,27.92,30.59,29.16,29.90,31.14,29.88,31.82,34.49,36.27,34.34,35.55,39.67,41.38,41.31287428,41.7149352
Sudan and South Sudan,36.50,37.24,38.14,41.40,42.06,43.18,43.55,43.49,44.44,47.17,50.23,52.41,54.81,54.85,55.68,56.76,53.77,52.41,54.29,54.62,56.89,57.86,63.10,66.19,72.13,72.82,75.61,79.49,81.69,85.74,89.81,94.25,97.59,101.38,103.75,107.64,111.14,113.36,115.01,116.41,118.11,114.52,120.35,121.52,123.67,126.88,130.88,130.2217309,131.6411877
Suriname,2.37,2.38,2.55,2.83,2.48,2.87,2.67,2.89,3.04,2.97,3.02,2.83,2.66,2.31,2.23,2.48,2.54,2.35,2.44,2.51,2.74,2.78,2.84,2.64,2.62,2.63,2.60,2.48,2.42,2.35,2.38,2.46,1.91,2.13,2.27,2.55,2.40,2.28,2.36,2.45,2.75,2.87,3.09,3.08,3.11,3.16,3.01,3.007334198,2.933499411
Sweden,116.10,108.87,109.37,112.62,105.53,106.53,113.16,109.25,104.40,107.68,100.20,92.65,86.14,81.02,80.94,84.62,85.78,83.79,81.81,79.17,79.34,79.28,81.96,82.27,84.85,84.23,89.70,84.60,84.77,83.61,80.12,79.62,81.37,82.29,81.18,82.18,83.78,80.95,76.67,71.84,78.00,72.95,68.84,66.47,66.03,66.04,67.08,66.57073515,64.5882358
Switzerland and Liechtenstein,50.23,52.18,52.98,56.94,52.18,49.67,51.57,52.10,53.36,52.10,52.92,50.36,48.09,52.29,51.85,55.04,54.93,53.22,53.27,53.14,54.62,56.91,56.62,53.96,52.90,53.75,54.32,52.92,54.46,54.61,53.84,55.39,53.75,54.98,55.63,56.33,55.72,53.76,55.29,53.48,55.24,51.19,52.51,53.77,50.33,49.44,49.88,49.18662351,47.90822058
Syria,14.96,14.99,15.29,14.64,17.84,21.93,24.09,24.73,25.99,28.75,28.69,30.97,34.05,38.50,41.23,39.00,40.95,49.37,51.18,53.52,60.55,68.01,67.48,70.98,73.80,75.56,78.86,78.35,81.03,80.25,82.32,76.32,72.93,73.67,75.25,87.32,90.03,93.80,93.82,90.91,91.45,85.89,71.47,50.97,45.94,44.33,43.64,45.4475232,42.6346013
Taiwan,52.72,52.71,57.16,61.71,61.03,65.09,74.29,78.69,87.21,91.04,97.67,91.19,90.20,95.23,96.81,96.25,109.06,114.07,129.98,139.49,141.74,151.53,160.28,171.61,181.05,190.87,201.11,215.37,227.22,235.32,254.06,264.12,318.80,330.22,343.37,336.81,327.18,337.56,321.58,304.00,308.33,309.44,297.63,303.65,307.39,305.05,310.12,320.7910369,320.132511
Tajikistan,12.30,12.54,13.08,13.56,14.11,14.93,15.24,15.54,15.92,16.25,16.81,16.83,16.92,17.16,17.16,17.73,18.21,18.50,18.72,18.87,22.16,23.09,18.95,14.46,11.91,11.39,10.20,10.26,10.45,10.35,10.71,10.19,11.01,10.24,12.49,11.89,12.58,14.14,12.71,11.89,11.73,11.63,12.56,12.72,14.09,14.80,16.61,17.9698018,19.41181163
Tanzania,21.51,21.72,22.20,22.33,22.63,23.10,24.00,24.41,25.06,25.70,25.97,26.79,27.21,27.40,26.80,27.39,27.97,28.81,29.10,29.74,30.14,30.64,30.66,31.39,31.73,35.67,34.51,34.38,35.66,38.86,39.64,40.54,42.47,43.83,45.59,47.21,48.89,49.03,51.21,51.66,54.87,59.29,62.32,66.59,68.65,71.35,72.67,73.00281354,75.16169471
Thailand,110.00,110.63,110.01,119.55,116.56,124.99,128.21,135.27,140.80,140.01,143.76,144.59,143.11,149.90,154.33,162.39,160.75,168.77,182.80,195.58,208.02,222.89,233.80,248.00,262.76,279.00,298.91,305.34,279.40,290.15,291.55,303.82,316.32,331.73,352.77,365.26,370.50,385.88,390.31,388.94,410.93,410.59,431.76,442.81,435.00,432.93,425.00,434.5609385,434.7812457
The Gambia,0.68,0.70,0.69,0.68,0.71,0.73,0.74,0.74,0.75,0.74,0.78,0.81,0.81,0.76,0.74,0.78,0.80,0.89,0.91,0.90,0.90,0.96,0.94,0.95,1.00,1.01,1.02,1.03,1.06,1.08,1.21,1.22,1.23,1.36,1.42,1.45,1.50,1.53,1.64,1.83,1.91,1.72,1.74,1.82,1.93,1.98,1.97,2.012659194,2.073008219
Timor-Leste,0.78,0.80,0.86,0.89,0.91,0.84,0.77,0.71,0.65,0.59,0.57,0.59,0.59,0.62,0.63,0.66,0.64,0.66,0.64,0.66,0.70,0.79,0.77,0.79,0.88,0.90,0.92,0.91,1.01,1.00,1.11,1.21,1.19,1.22,1.71,2.09,3.46,4.99,5.23,5.51,5.00,5.24,5.28,5.53,5.22,6.19,5.28,5.154627665,5.141213282
Togo,1.83,1.84,1.93,1.87,1.87,1.99,1.97,2.11,2.19,2.25,2.15,2.18,2.40,2.19,2.33,2.37,2.68,2.83,3.07,3.07,3.27,3.17,2.90,2.87,3.35,3.27,3.98,3.87,4.26,4.76,4.77,4.75,4.95,5.30,5.35,5.49,5.49,5.59,6.08,7.47,7.40,7.28,7.70,7.99,8.21,8.46,8.73,8.995282588,9.652757198
Tonga,0.07,0.07,0.07,0.08,0.09,0.09,0.10,0.11,0.12,0.13,0.13,0.16,0.14,0.13,0.12,0.13,0.12,0.16,0.18,0.18,0.18,0.18,0.18,0.18,0.22,0.20,0.21,0.22,0.23,0.23,0.19,0.18,0.19,0.21,0.20,0.21,0.22,0.19,0.20,0.21,0.20,0.23,0.22,0.21,0.22,0.23,0.24,0.224142394,0.227969254
Trinidad and Tobago,8.96,9.01,9.25,9.66,9.58,9.05,10.12,11.10,11.70,11.67,12.41,13.02,14.32,14.91,15.61,15.88,15.90,16.29,17.37,17.38,17.33,17.54,17.90,17.19,18.54,18.43,20.02,20.41,23.38,24.62,27.10,30.38,33.42,39.06,42.11,49.38,55.10,58.10,57.26,56.01,59.55,58.60,55.98,55.28,56.03,53.79,47.58,48.81528949,47.49422842
Tunisia,10.29,10.66,11.40,11.55,12.39,12.78,12.89,13.91,14.57,15.69,16.89,17.31,17.18,18.89,19.62,20.14,20.38,20.71,21.44,22.61,23.12,24.09,25.23,25.87,25.67,26.23,27.45,28.20,29.56,31.04,32.28,33.31,33.01,32.76,34.33,35.43,36.75,37.61,38.88,38.94,41.29,39.53,41.55,41.27,42.94,43.36,42.44,42.51114168,42.62411446
Turkey,100.22,104.65,113.27,119.19,122.25,129.32,139.38,149.01,148.84,143.98,148.94,151.76,160.05,164.16,170.38,174.03,185.50,200.14,195.70,208.58,220.98,222.80,232.73,239.32,234.37,252.41,272.69,286.18,291.05,292.46,317.59,295.70,302.30,315.75,320.42,331.44,366.44,395.36,394.00,401.45,417.18,441.36,474.36,471.67,498.03,512.27,539.72,583.0129998,579.1885095
Turkmenistan,30.29,30.57,32.14,33.85,36.04,38.90,41.35,43.28,45.33,47.66,50.67,52.86,55.41,57.97,61.18,64.83,67.52,70.18,72.50,74.08,78.65,71.50,55.45,57.70,55.78,55.56,53.43,45.80,49.06,61.36,69.61,73.07,79.76,90.15,92.90,94.29,98.08,104.03,108.11,88.90,97.73,109.96,116.61,121.49,123.22,127.16,125.38,124.9734173,125.788297
Turks and Caicos Islands,0.00,0.00,0.00,0.00,0.00,0.00,0.00,0.00,0.00,0.00,0.00,0.00,0.00,0.00,0.00,0.00,0.00,0.00,0.00,0.00,0.00,0.01,0.01,0.01,0.01,0.02,0.02,0.02,0.02,0.02,0.06,0.07,0.08,0.09,0.09,0.11,0.12,0.13,0.14,0.16,0.17,0.18,0.19,0.21,0.22,0.22,0.22,0.245766358,0.239070568
Uganda,10.60,10.75,11.09,11.33,11.67,12.06,12.43,12.44,13.18,13.23,12.68,12.61,12.91,13.17,13.46,13.75,14.23,12.50,13.44,13.91,15.56,16.17,16.36,16.68,16.99,17.45,17.72,18.13,18.89,19.55,20.59,21.29,22.01,22.89,23.53,24.71,25.68,26.89,34.18,35.15,36.61,37.77,38.55,39.37,41.00,42.27,44.18,45.72891449,46.97968253
Ukraine,634.57,638.28,668.78,717.57,753.71,752.75,823.14,821.70,921.48,930.96,952.13,900.04,913.98,931.53,940.39,940.61,979.07,1030.04,1028.47,1030.36,948.90,891.95,795.29,704.45,594.73,578.19,500.03,479.30,454.45,451.59,445.72,444.71,447.76,479.93,452.73,440.00,439.71,450.32,435.86,371.32,392.06,416.59,408.37,398.24,349.88,296.69,300.32,271.0087048,278.1472598
United Arab Emirates,27.66,33.71,37.08,47.65,48.86,49.82,60.61,62.01,68.31,53.80,56.80,52.73,51.43,49.26,63.24,65.89,66.12,69.83,69.28,78.40,80.72,89.91,88.68,95.08,101.35,107.56,113.06,115.88,117.25,120.23,122.11,136.31,138.33,146.38,153.59,163.74,170.54,181.16,208.81,209.92,218.09,224.93,236.18,247.34,250.73,265.21,274.56,281.2148662,277.5436127
United Kingdom,863.44,855.75,834.91,873.62,830.16,815.82,827.42,832.67,833.77,872.52,802.36,783.41,767.27,758.45,719.69,758.79,778.82,780.84,776.85,761.48,771.37,781.57,758.24,736.28,729.27,724.80,744.53,719.69,716.75,698.66,697.85,706.43,687.06,696.72,692.74,683.00,673.96,658.83,637.62,583.16,595.57,553.89,575.37,561.22,522.89,508.09,485.96,473.1227648,463.7349773
United States,5718.82,5595.42,5861.34,6060.97,5888.65,5676.51,5974.70,6133.85,6125.29,6195.57,5964.50,5889.18,5613.38,5566.47,5796.88,5806.05,5750.62,5909.55,6134.90,6201.98,6160.30,6120.17,6219.58,6345.22,6462.57,6527.98,6695.08,6981.40,7027.72,7034.26,7197.50,7130.43,6947.31,7017.82,7100.74,7108.54,6989.81,7081.10,6898.47,6442.16,6688.85,6478.81,6245.69,6389.54,6423.45,6305.46,6196.66,6135.685196,6297.624081
Uruguay,28.19,27.82,28.72,29.48,30.56,32.47,31.06,30.80,31.02,32.67,34.66,34.54,33.73,29.68,28.10,28.55,28.77,30.47,32.46,31.16,28.48,30.31,32.10,32.79,32.92,33.24,34.60,34.33,33.89,35.03,33.11,32.82,33.52,34.45,36.46,36.60,38.62,37.70,41.58,41.36,38.44,39.64,40.51,39.57,39.98,40.56,40.54,39.37417621,39.11920589
Uzbekistan,76.37,77.70,81.40,85.35,90.19,97.86,99.96,103.70,107.22,110.78,117.11,121.15,125.54,129.55,133.93,139.51,144.54,149.52,152.69,154.08,166.87,169.70,163.23,164.46,162.22,151.09,153.55,154.86,170.67,169.40,173.82,178.58,188.52,181.01,182.37,179.40,189.56,185.81,197.50,178.72,179.80,192.91,201.05,189.91,191.48,180.48,171.44,171.0456007,172.0539281
Vanuatu,0.29,0.31,0.32,0.36,0.40,0.39,0.40,0.39,0.38,0.39,0.39,0.38,0.38,0.39,0.38,0.42,0.40,0.42,0.45,0.44,0.47,0.46,0.45,0.47,0.48,0.48,0.48,0.49,0.50,0.51,0.51,0.50,0.50,0.53,0.52,0.53,0.53,0.63,0.64,0.62,0.65,0.72,0.68,0.67,0.69,0.69,0.68,0.706550261,0.715921501
Venezuela,96.49,95.90,95.96,106.15,104.69,99.78,104.59,108.43,114.30,126.42,134.74,136.15,137.18,136.13,138.64,139.98,142.67,143.85,146.77,153.80,162.11,162.30,164.76,171.60,173.38,187.10,197.61,207.08,211.99,200.44,212.46,218.39,215.64,214.92,226.66,236.75,233.67,231.43,263.41,264.09,269.06,245.95,280.96,269.98,269.80,256.23,240.14,219.5296867,211.1288389
Vietnam,79.62,78.88,81.35,82.61,78.73,75.24,74.71,76.95,89.82,89.70,90.85,92.55,95.17,96.73,97.10,98.15,100.64,102.17,103.91,102.20,103.30,107.41,110.32,116.12,122.97,130.01,137.54,143.58,152.94,158.16,164.51,169.24,183.92,192.33,214.35,225.89,232.02,245.17,257.06,275.82,293.32,294.93,294.92,303.66,319.76,363.14,377.43,379.1833271,418.7990499
Western Sahara,0.22,0.22,0.23,0.24,0.24,0.26,0.27,0.28,0.28,0.30,0.32,0.31,0.32,0.33,0.33,0.35,0.36,0.41,0.40,0.39,0.40,0.43,0.42,0.41,0.42,0.45,0.46,0.47,0.48,0.49,0.56,0.80,0.58,0.60,0.61,0.61,0.62,0.62,0.62,0.62,0.62,0.61,0.62,0.62,0.62,0.63,0.63,0.607467107,0.621200186
Yemen,5.80,6.10,6.37,6.69,6.93,6.97,7.30,7.44,7.80,8.10,9.08,9.23,9.84,10.42,10.67,11.16,11.77,12.64,15.66,16.42,17.36,19.21,19.97,19.87,22.07,22.83,23.69,25.29,26.33,29.08,31.73,32.86,33.27,38.30,39.47,43.45,47.56,49.85,49.61,52.96,53.76,49.52,46.68,55.57,54.07,34.11,30.34,30.32672932,30.48128799
Zambia,12.79,13.06,13.66,14.14,14.37,14.67,15.11,14.87,14.69,14.50,14.58,14.56,14.65,14.39,14.22,14.77,15.07,15.23,15.65,15.87,15.45,15.83,15.77,15.46,14.77,14.43,13.93,15.40,15.22,15.35,15.07,15.34,15.35,15.56,15.74,16.38,16.74,15.73,15.89,17.62,18.61,18.51,21.80,22.60,23.26,23.45,24.07,27.0798211,28.48951834
Zimbabwe,21.26,21.84,21.52,23.12,23.19,22.52,23.68,22.95,21.97,21.39,21.76,21.70,21.91,21.86,22.47,24.56,26.84,30.73,30.39,30.79,33.92,33.97,34.90,30.55,29.82,29.66,30.96,30.08,30.92,34.10,32.37,32.82,30.14,26.93,26.15,27.36,26.33,26.36,23.70,24.70,27.89,30.41,31.21,31.73,29.42,31,29,28.76601994,31.33189588
International Aviation,171.69,171.68,181.77,189.75,182.13,176.11,176.56,192.45,199.46,206.37,204.65,204.52,211.44,213.43,221.19,227.72,250.04,264.12,279.34,293.75,262.28,254.97,263.08,268.30,282.76,294.02,305.87,321.56,332.50,346.75,359.81,352.60,372.93,371.25,400.65,426.54,442.13,454.37,461.86,439.89,464.30,481.53,485.33,493.60,510.09,538.30,562.05,593.5861692,618.4911087
International Shipping,375.81,375.81,394.16,416.92,389.98,363.47,375.74,375.57,377.57,389.59,380.50,353.40,318.30,298.17,302.24,325.19,346.01,342.39,359.17,359.15,395.35,410.78,440.81,427.75,441.18,455.27,466.10,477.49,491.92,516.38,530.28,504.51,522.83,534.38,586.24,607.72,646.49,684.13,686.55,653.55,702.44,703.21,654.66,652.41,674.42,699.97,719.90,739.2620098,746.0832572
,,,,,,,,,,,,,,,,,,,,,,,,,,,,,,,,,,,,,,,,,,,,,,,,,
EU27,4549.8112,4573.484214,4723.893656,4942.580465,4908.034758,4819.676467,5079.504255,5073.612802,5231.940064,5393.757356,5302.105845,5101.175532,5004.955835,4978.79581,5016.248142,5026.874175,5024.805531,5053.134129,5034.479841,5031.612214,4952.641131,4868.54939,4687.993873,4592.307668,4575.141117,4634.782517,4738.649488,4674.101852,4612.881985,4534.311013,4554.664638,4584.334468,4563.685143,4649.307313,4657.877319,4626.499747,4627.97947,4589.686395,4481.74256,4184.172145,4297.567646,4180.629959,4122.204571,4041.98735,3901.153622,3950.31,3954.98,3988.356517,3924.945889
GLOBAL TOTAL,23592.58,23653.27,24574.35,25761.20,25781.03,25834.24,26932.90,27598.26,28349.08,29053.53,28785.51,28315.84,28082.43,28270.91,29036.81,29361.41,29824.59,30560.02,31498.18,32063.38,32656.75,32750.49,32712.53,32805.03,33172.53,34042.17,34653.73,35119.34,35182.86,35416.84,36420.42,36765.17,37223.64,38778.18,40402.73,41721.87,42929.15,44259.72,44564.44,44233.63,46372.48,47671.64,48397.84,49013.23,49365.95,49414.83,49611.82,50283.26725,51199.86924